layer,taxonomy,macro_f1,control_macro_f1,normalized_f1,Anger_f1,Disgust_f1,Enjoyment_f1,Fear_f1,Neutral_f1,Sadness_f1,Surprise_f1
0,ekman_basic_emotions,0.21398171843864686,0.13667249845468893,0.0895479639483029,0.0,0.0,0.4897959183673469,0.08571428571428572,0.7524271844660194,0.16993464052287582,0.0
1,ekman_basic_emotions,0.21057484600131757,0.14896102857879176,0.07239835012447512,0.0,0.0,0.4955357142857143,0.0392156862745098,0.7673975214489991,0.171875,0.0
2,ekman_basic_emotions,0.23218586953632617,0.13763923238517503,0.10963698802376474,0.0,0.0,0.5251141552511416,0.1276595744680851,0.7923471768548763,0.18018018018018017,0.0
3,ekman_basic_emotions,0.22317518091585456,0.14999418826969735,0.08609469680823396,0.0,0.0,0.4988399071925754,0.10909090909090909,0.7754336615096109,0.17886178861788618,0.0
4,ekman_basic_emotions,0.2248964650878944,0.14725400456417548,0.09104992687070566,0.0,0.0,0.5005820721769499,0.07407407407407407,0.7735321528424977,0.22608695652173913,0.0
5,ekman_basic_emotions,0.2205749726819051,0.147302199852558,0.0859305287484937,0.0,0.0,0.49942196531791905,0.041666666666666664,0.7807139545665276,0.2222222222222222,0.0
6,ekman_basic_emotions,0.20667147100863867,0.1385178991464707,0.07911199988327507,0.0,0.0,0.4704519119351101,0.044444444444444446,0.7619926199261993,0.16981132075471697,0.0
7,ekman_basic_emotions,0.22719304212807673,0.13845027481969618,0.10300365111231229,0.0,0.0,0.48936170212765956,0.10256410256410256,0.7848332571950662,0.21359223300970873,0.0
8,ekman_basic_emotions,0.24009134058699294,0.1551763430567271,0.10051209720795924,0.0,0.0,0.4975845410628019,0.11428571428571428,0.7969244685662596,0.27184466019417475,0.0
9,ekman_basic_emotions,0.22964412355522895,0.15057839366503947,0.09308184451692736,0.0,0.0,0.4856815578465063,0.125,0.7790055248618785,0.21782178217821782,0.0
10,ekman_basic_emotions,0.2386934284117697,0.13979949670922542,0.11496614024778713,0.0,0.0,0.5230414746543779,0.15384615384615385,0.7959465684016582,0.19801980198019803,0.0
11,ekman_basic_emotions,0.2513111545018235,0.17951291227238106,0.08750685209232405,0.0,0.0,0.5494761350407451,0.1875,0.8138686131386861,0.20833333333333334,0.0
12,ekman_basic_emotions,0.2435121882343636,0.15861299358459569,0.10090385756189349,0.0,0.0,0.5416666666666666,0.11428571428571428,0.8110091743119267,0.2376237623762376,0.0
13,ekman_basic_emotions,0.23944476641294812,0.1599782337109649,0.09460056380805773,0.0,0.0,0.5366430260047281,0.0625,0.8143440762596459,0.26262626262626265,0.0
14,ekman_basic_emotions,0.2674754625331764,0.16515413528925027,0.12256313598603921,0.0,0.0,0.5605700712589073,0.1875,0.8279618701770313,0.2962962962962963,0.0
15,ekman_basic_emotions,0.2639849704192569,0.1457660572126758,0.13839173004626634,0.0,0.0,0.5581947743467933,0.23529411764705882,0.8213961922030825,0.23300970873786409,0.0
16,ekman_basic_emotions,0.25398283535217275,0.14765587276781592,0.12474651867389787,0.0,0.0,0.5501165501165501,0.15789473684210525,0.8124428179322964,0.25742574257425743,0.0
17,ekman_basic_emotions,0.2671390923107692,0.15483544570509186,0.13287784731976654,0.0,0.0,0.5677867902665121,0.10810810810810811,0.8167202572347267,0.37735849056603776,0.0
18,ekman_basic_emotions,0.2615095892025226,0.14971557578797512,0.13147837386078096,0.0,0.0,0.5651162790697675,0.13953488372093023,0.8182236539346526,0.3076923076923077,0.0
19,ekman_basic_emotions,0.2657509293256205,0.14398988033497906,0.14224253451383229,0.0,0.0,0.5793742757821553,0.15,0.8217913204062789,0.3090909090909091,0.0
20,ekman_basic_emotions,0.2672104621066886,0.1392114049598164,0.14869975959764767,0.0,0.0,0.5691428571428572,0.16216216216216217,0.8205841446453408,0.3185840707964602,0.0
21,ekman_basic_emotions,0.26437489506905915,0.1629469387242216,0.12117267236350353,0.0,0.0,0.5664335664335665,0.14634146341463414,0.816420664206642,0.32142857142857145,0.0
22,ekman_basic_emotions,0.2600614210710629,0.14056535362550715,0.1390403190628251,0.0,0.0,0.5636147443519619,0.15,0.8211009174311926,0.2857142857142857,0.0
23,ekman_basic_emotions,0.2603668708204627,0.15381087891778028,0.12592455899977112,0.0,0.0,0.5683453237410072,0.15789473684210525,0.8204659661946094,0.27586206896551724,0.0
24,ekman_basic_emotions,0.2687759498587834,0.1374566970533623,0.1522465624123515,0.0,0.0,0.5806451612903226,0.2,0.8305162174508908,0.2702702702702703,0.0
25,ekman_basic_emotions,0.27292218307511423,0.15017053846735298,0.1444426795775962,0.0,0.0,0.6004672897196262,0.20512820512820512,0.8356290174471993,0.2692307692307692,0.0
26,ekman_basic_emotions,0.2620189611530881,0.1474099201609008,0.1344245537243599,0.0,0.0,0.5921521997621879,0.16216216216216217,0.8368277119416591,0.24299065420560748,0.0
27,ekman_basic_emotions,0.2921397028707437,0.14867605288462654,0.16851828316615486,0.1,0.0,0.5820721769499418,0.21621621621621623,0.831874712114233,0.3148148148148148,0.0
28,ekman_basic_emotions,0.27981297998323557,0.15052888553151386,0.15219363230804467,0.1111111111111111,0.0,0.6073546856465006,0.15384615384615385,0.8410958904109589,0.24528301886792453,0.0
29,ekman_basic_emotions,0.2749476555686504,0.13591004234735118,0.16090641025270458,0.1111111111111111,0.0,0.5786314525810324,0.14634146341463414,0.836297309621523,0.25225225225225223,0.0
30,ekman_basic_emotions,0.29519765765094974,0.16323051705788075,0.15771026941502045,0.1111111111111111,0.0,0.6171967020023557,0.13953488372093023,0.8421052631578947,0.3564356435643564,0.0
31,ekman_basic_emotions,0.29890244160507107,0.14363196895377559,0.18131278495018271,0.11764705882352941,0.0,0.5973715651135006,0.21621621621621623,0.8372727272727273,0.3238095238095238,0.0
32,ekman_basic_emotions,0.341474932474568,0.13916774148491293,0.23501348722529247,0.2,0.0,0.611957796014068,0.29411764705882354,0.8461538461538461,0.4380952380952381,0.0
33,ekman_basic_emotions,0.32540617234201047,0.1535585341110748,0.20302365273476153,0.2727272727272727,0.0,0.6123399301513388,0.21052631578947367,0.839392544868845,0.34285714285714286,0.0
34,ekman_basic_emotions,0.3157261676070769,0.1457846659697546,0.1989445692054331,0.09523809523809523,0.0,0.6070588235294118,0.27906976744186046,0.8403669724770643,0.3883495145631068,0.0
35,ekman_basic_emotions,0.32493195137067854,0.1415228265124416,0.21364473106854834,0.09090909090909091,0.0,0.5947867298578199,0.2857142857142857,0.8388278388278388,0.4642857142857143,0.0
36,ekman_basic_emotions,0.3486281932627426,0.16469727210210586,0.2201967203237963,0.19047619047619047,0.0,0.6090047393364929,0.358974358974359,0.8415750915750916,0.44036697247706424,0.0
37,ekman_basic_emotions,0.33569387857187305,0.15606828259749675,0.21284375533039243,0.08695652173913043,0.0,0.6091127098321343,0.32558139534883723,0.8417200365965233,0.4864864864864865,0.0
38,ekman_basic_emotions,0.3370918117171646,0.1750381561626971,0.1964377586249036,0.10526315789473684,0.0,0.6148325358851675,0.3181818181818182,0.8427326914259514,0.47863247863247865,0.0
39,ekman_basic_emotions,0.3444823279426969,0.14937786339484901,0.22936678479414313,0.1,0.0,0.6352941176470588,0.35,0.8482060717571297,0.4778761061946903,0.0
40,ekman_basic_emotions,0.34606595442801985,0.16783875012366592,0.21417388076029728,0.09523809523809523,0.0,0.6456140350877193,0.358974358974359,0.8499079189686924,0.4727272727272727,0.0
41,ekman_basic_emotions,0.3442223820843999,0.16807968510142093,0.21173025087679564,0.09090909090909091,0.0,0.6431924882629108,0.3157894736842105,0.8505747126436781,0.509090909090909,0.0
42,ekman_basic_emotions,0.3494690845483353,0.1468137025226228,0.23752770365031098,0.09090909090909091,0.0,0.6278240190249703,0.3333333333333333,0.8487626031164069,0.5454545454545454,0.0
43,ekman_basic_emotions,0.3372206688275875,0.15601284110299218,0.21470448432107983,0.08333333333333333,0.0,0.6269744835965978,0.3333333333333333,0.8496138119036801,0.4672897196261682,0.0
44,ekman_basic_emotions,0.35351329888765654,0.15780668902371678,0.2323773025899169,0.16,0.0,0.6323353293413174,0.34146341463414637,0.8502283105022831,0.49056603773584906,0.0
45,ekman_basic_emotions,0.3547205156900877,0.15256121792136892,0.23855327611140775,0.17391304347826086,0.0,0.6444708680142688,0.3333333333333333,0.854262144821265,0.47706422018348627,0.0
46,ekman_basic_emotions,0.34424093184761884,0.16646972009255392,0.21327504955765297,0.16,0.0,0.6266506602641057,0.34146341463414637,0.851665905979005,0.42990654205607476,0.0
47,ekman_basic_emotions,0.3587882933509673,0.14185120712585467,0.25279658728941223,0.15384615384615385,0.0,0.6265060240963856,0.4117647058823529,0.8533817521561508,0.46601941747572817,0.0
48,ekman_basic_emotions,0.3656161362516347,0.14761179053628248,0.25575711077996993,0.25,0.0,0.6268292682926829,0.3333333333333333,0.8539122568973315,0.49523809523809526,0.0
49,ekman_basic_emotions,0.35294953571087573,0.1474103541103249,0.24107632856140448,0.15384615384615385,0.0,0.629940119760479,0.32432432432432434,0.8531021897810219,0.5094339622641509,0.0
50,ekman_basic_emotions,0.3557639047052083,0.1567400274987147,0.23601722327237612,0.15384615384615385,0.0,0.633373934226553,0.42105263157894735,0.8535031847133758,0.42857142857142855,0.0
51,ekman_basic_emotions,0.3410758039614972,0.1623805568423645,0.2133370333972814,0.16,0.0,0.6140776699029126,0.3684210526315789,0.845031905195989,0.4,0.0
52,ekman_basic_emotions,0.34314476829347046,0.14192254695427164,0.2345035644800649,0.18181818181818182,0.0,0.6322115384615384,0.3684210526315789,0.8511415525114155,0.3684210526315789,0.0
53,ekman_basic_emotions,0.32158334901852187,0.14419319648815096,0.2072782686494673,0.09090909090909091,0.0,0.6284348864994026,0.3157894736842105,0.8507326007326007,0.3652173913043478,0.0
54,ekman_basic_emotions,0.3176005885863366,0.15507795154530732,0.19235222626545562,0.09090909090909091,0.0,0.6372315035799523,0.22857142857142856,0.8526989935956084,0.41379310344827586,0.0
55,ekman_basic_emotions,0.31803167146494393,0.1537346268880273,0.19414364547700552,0.17391304347826086,0.0,0.6295399515738499,0.16666666666666666,0.8525932666060054,0.40350877192982454,0.0
56,ekman_basic_emotions,0.321572788757231,0.15955114871390896,0.19277989350022853,0.09523809523809523,0.0,0.6418269230769231,0.2564102564102564,0.8575342465753425,0.4,0.0
57,ekman_basic_emotions,0.33095165866357185,0.14754956325884486,0.2151469311293422,0.16666666666666666,0.0,0.6194477791116446,0.30303030303030304,0.8456986800182067,0.38181818181818183,0.0
58,ekman_basic_emotions,0.32991911771387944,0.14787099971650422,0.21363915315264403,0.08,0.0,0.6346153846153846,0.34285714285714286,0.8482915717539863,0.4036697247706422,0.0
59,ekman_basic_emotions,0.3258591372628042,0.15262570650651322,0.20443555119202172,0.08695652173913043,0.0,0.6401925391095066,0.29411764705882354,0.8523398455247615,0.4074074074074074,0.0
60,ekman_basic_emotions,0.33229669568264225,0.15113371835315315,0.2134175679331061,0.17391304347826086,0.0,0.6164874551971327,0.34285714285714286,0.8449931412894376,0.34782608695652173,0.0
61,ekman_basic_emotions,0.32753499141737413,0.13988478752727132,0.21816868387972216,0.16666666666666666,0.0,0.615568862275449,0.3225806451612903,0.8460484239378712,0.3418803418803419,0.0
62,ekman_basic_emotions,0.3400738282614541,0.1487649086029337,0.22474275507667318,0.17391304347826086,0.0,0.6133651551312649,0.4117647058823529,0.8424908424908425,0.3389830508474576,0.0
63,ekman_basic_emotions,0.32498065615290955,0.14632015084709826,0.20928279551531453,0.2,0.0,0.6092089728453365,0.32432432432432434,0.8362465501379944,0.3050847457627119,0.0
