taxonomy,layer,accuracy,macro_f1,mcc,imbalance_entropy,Anger_f1,Disgust_f1,Enjoyment_f1,Fear_f1,Neutral_f1,Sadness_f1,Surprise_f1,control_macro_f1,control_mcc,normalized_mcc,normalized_macro_f1,Admiration_f1,Amusement_f1,Annoyance_f1,Approval_f1,Caring_f1,Confusion_f1,Curiosity_f1,Desire_f1,Disappointment_f1,Disapproval_f1,Excitement_f1,Gratitude_f1,Joy_f1,Nervousness_f1,Optimism_f1,Pride_f1,Realization_f1,Relief_f1,Remorse_f1,Anticipation_f1,Trust_f1
ekman_basic_emotions,0,0.7746942615239887,0.27371891912351015,0.539617956504645,0.3958240442846809,0.0,0.0,0.7175925925925926,0.10256410256410256,0.8430021754894851,0.25287356321839083,0.0,0.14553490437981167,-0.0003447191535194246,0.5397766043240322,0.15001667756909354,,,,,,,,,,,,,,,,,,,,,
ekman_basic_emotions,1,0.7793979303857008,0.2818002236632822,0.5463129985593327,0.3958240442846809,0.0,0.0,0.7191358024691358,0.1391304347826087,0.8460426454644019,0.2682926829268293,0.0,0.13817669639015853,0.003150783750532101,0.544879010741852,0.16665078174556291,,,,,,,,,,,,,,,,,,,,,
ekman_basic_emotions,2,0.779868297271872,0.2809690311962846,0.5462993066952824,0.3958240442846809,0.0,0.0,0.7182828669988501,0.11428571428571428,0.8449584387423202,0.2892561983471074,0.0,0.1412980426620807,-0.013315490290131377,0.5522611687552368,0.16265362776999012,,,,,,,,,,,,,,,,,,,,,
ekman_basic_emotions,3,0.782925682031985,0.2755594688852307,0.5478241565815878,0.3958240442846809,0.0,0.0,0.7161741835147745,0.07207207207207207,0.8500717360114778,0.2905982905982906,0.0,0.140349219029008,0.010900130459367392,0.5428410645444568,0.1572850893051015,,,,,,,,,,,,,,,,,,,,,
ekman_basic_emotions,4,0.7883349012229539,0.2797490531265706,0.5608448019508264,0.3958240442846809,0.0,0.0,0.7312329832749903,0.05309734513274336,0.851598993891484,0.32231404958677684,0.0,0.14675265044532818,0.002671771785577704,0.5596683362352833,0.15587086528971478,,,,,,,,,,,,,,,,,,,,,
ekman_basic_emotions,5,0.8015051740357478,0.294931284328218,0.5859786948563268,0.3958240442846809,0.0,0.0,0.7477155343663091,0.10526315789473684,0.8627030887341546,0.3488372093023256,0.0,0.1379559814762317,-0.009604217005347132,0.5899172188763941,0.18209662091363168,,,,,,,,,,,,,,,,,,,,,
ekman_basic_emotions,6,0.8083254938852305,0.29750520357252774,0.5997872689611696,0.3958240442846809,0.0,0.0,0.7599527000394166,0.09090909090909091,0.8658209755226014,0.36585365853658536,0.0,0.15371450156783195,0.002052513185390911,0.5989641375657087,0.169908030175494,,,,,,,,,,,,,,,,,,,,,
ekman_basic_emotions,7,0.8078551269990593,0.2974817164160845,0.5998611093894348,0.3958240442846809,0.0,0.0,0.7602061038446294,0.0761904761904762,0.8661304736371761,0.3798449612403101,0.0,0.15201774429360013,0.0008483926416552748,0.5995213462464503,0.17154129245464889,,,,,,,,,,,,,,,,,,,,,
ekman_basic_emotions,8,0.8118532455315146,0.30491138549694347,0.6063118972025721,0.3958240442846809,0.0,0.0,0.7648456057007126,0.11650485436893204,0.8674870697342607,0.3855421686746988,0.0,0.14447453398571738,0.0032298469350969055,0.6050362246633266,0.18753018803597796,,,,,,,,,,,,,,,,,,,,,
ekman_basic_emotions,9,0.8191439322671684,0.3073282259161699,0.6190975991437584,0.3958240442846809,0.0,0.0,0.7692913385826772,0.10526315789473684,0.8733096085409253,0.4034334763948498,0.0,0.15279919862949254,-0.009125567420727015,0.622542116508049,0.18239952917501662,,,,,,,,,,,,,,,,,,,,,
ekman_basic_emotions,10,0.819379115710254,0.30977550191435077,0.6216995887508573,0.3958240442846809,0.0,0.0,0.769290724863601,0.12903225806451613,0.873481057898499,0.39662447257383965,0.0,0.14679911264889625,0.0016954037078228434,0.6210571275999371,0.19101760403864596,,,,,,,,,,,,,,,,,,,,,
ekman_basic_emotions,11,0.8146754468485419,0.3147711127481702,0.6103937644442403,0.3958240442846809,0.0,0.0,0.7607410327158061,0.16216216216216217,0.8700142450142451,0.4104803493449782,0.0,0.1391246314626281,-0.0013146745878658509,0.6109052973620717,0.2040324159627957,,,,,,,,,,,,,,,,,,,,,
ekman_basic_emotions,12,0.8142050799623707,0.3107624902178235,0.6103861287143678,0.3958240442846809,0.0,0.0,0.7637362637362637,0.1590909090909091,0.8685102586975915,0.384,0.0,0.15317572056807485,0.001769366136342471,0.6096955372150528,0.18609146369239968,,,,,,,,,,,,,,,,,,,,,
ekman_basic_emotions,13,0.823612417685795,0.3197740040836477,0.6267542644092265,0.3958240442846809,0.0,0.0,0.7765076862435948,0.1797752808988764,0.87362442314519,0.4085106382978723,0.0,0.15190495682208974,-0.010415090353930963,0.6306015823061075,0.19793659756875032,,,,,,,,,,,,,,,,,,,,,
ekman_basic_emotions,14,0.8210253998118533,0.3214034905917499,0.6228036222920261,0.3958240442846809,0.0,0.0,0.771585557299843,0.1797752808988764,0.8716853532657056,0.42677824267782427,0.0,0.13800121256615183,-0.005972972379396234,0.6250432287302877,0.21276396289556587,,,,,,,,,,,,,,,,,,,,,
ekman_basic_emotions,15,0.8264346190028222,0.31764143414681595,0.6312980707943661,0.3958240442846809,0.0,0.0,0.7743974713551955,0.10752688172043011,0.8772799716663715,0.4642857142857143,0.0,0.14837980836976009,-0.008217534368685447,0.6343031968428285,0.19875248078963656,,,,,,,,,,,,,,,,,,,,,
ekman_basic_emotions,16,0.8330197554092192,0.3320150029758758,0.6438347265529165,0.3958240442846809,0.0,0.0,0.7811634349030471,0.20224719101123595,0.8819787985865725,0.45871559633027525,0.0,0.1374916446700392,-0.0064287680461564385,0.6461098045333804,0.22553214366418492,,,,,,,,,,,,,,,,,,,,,
ekman_basic_emotions,17,0.8306679209783632,0.3414291725656626,0.6410167832831888,0.3958240442846809,0.0,0.0,0.7766837337534462,0.24489795918367346,0.8799432523497074,0.48847926267281105,0.0,0.14781140084069896,0.0072143719063805,0.6384081250187486,0.22720061253573556,,,,,,,,,,,,,,,,,,,,,
ekman_basic_emotions,18,0.837958607714017,0.3316633949605045,0.6543639979588989,0.3958240442846809,0.0,0.0,0.7886435331230284,0.1728395061728395,0.885274880678805,0.4748858447488584,0.0,0.14954284402877147,0.003171126727638035,0.653264455606651,0.21414429833769816,,,,,,,,,,,,,,,,,,,,,
ekman_basic_emotions,19,0.8398400752587017,0.33484758434378964,0.658800068995982,0.3958240442846809,0.0,0.0,0.7919621749408984,0.19047619047619047,0.8866088802405803,0.4748858447488584,0.0,0.14952836211314072,-0.01371690413862655,0.6634169464758589,0.21790170768199382,,,,,,,,,,,,,,,,,,,,,
ekman_basic_emotions,20,0.8346660395108184,0.32397987833403435,0.6440297008806384,0.3958240442846809,0.0,0.0,0.7773795300677021,0.16901408450704225,0.8851018973998594,0.43636363636363634,0.0,0.15479903789048113,-0.006998274686043989,0.6465035660261246,0.20016640778696987,,,,,,,,,,,,,,,,,,,,,
ekman_basic_emotions,21,0.8330197554092192,0.33016390969273457,0.6408842819593887,0.3958240442846809,0.0,0.0,0.7776,0.1891891891891892,0.8821359564377306,0.4622222222222222,0.0,0.15181214787295594,0.007055219121753108,0.6383326394817463,0.21027389318594553,,,,,,,,,,,,,,,,,,,,,
ekman_basic_emotions,22,0.8301975540921919,0.3462697496090104,0.6360538091402649,0.3958240442846809,0.0,0.0,0.7692307692307693,0.2682926829268293,0.8795774647887324,0.5067873303167421,0.0,0.15689215779279642,0.007003178298598693,0.6334870536280776,0.2246184679298384,,,,,,,,,,,,,,,,,,,,,
ekman_basic_emotions,23,0.8341956726246472,0.34254276562451824,0.6443770110861436,0.3958240442846809,0.0,0.0,0.7772020725388601,0.225,0.8820837733192538,0.5135135135135135,0.0,0.15915584161489088,0.01459623722903735,0.6391093657752617,0.2180985884017233,,,,,,,,,,,,,,,,,,,,,
ekman_basic_emotions,24,0.8297271872060207,0.33670742843023044,0.6377449188877425,0.3958240442846809,0.0,0.0,0.7753510140405616,0.23529411764705882,0.8780141843971632,0.4682926829268293,0.0,0.15507255614756207,-0.0077040129588891865,0.6405144006040232,0.21497097011609193,,,,,,,,,,,,,,,,,,,,,
ekman_basic_emotions,25,0.8304327375352775,0.3474417026257316,0.641415544700076,0.3958240442846809,0.0,0.0,0.7756385068762279,0.29473684210526313,0.8795737122557726,0.48214285714285715,0.0,0.14707028743563177,-0.0035734763659044833,0.6426923750531809,0.234921368359504,,,,,,,,,,,,,,,,,,,,,
ekman_basic_emotions,26,0.8240827845719662,0.3340626475981474,0.626199980408226,0.3958240442846809,0.0,0.0,0.7673501577287066,0.2127659574468085,0.8746014877789585,0.48372093023255813,0.0,0.15040645622133597,0.01412598837438734,0.620844027549308,0.21616947624152089,,,,,,,,,,,,,,,,,,,,,
ekman_basic_emotions,27,0.8238476011288806,0.33496108873515423,0.6270324198387838,0.3958240442846809,0.0,0.0,0.7673501577287066,0.23255813953488372,0.8747338537970192,0.4700854700854701,0.0,0.15723977979556927,0.001969389039650994,0.626296452167604,0.2108800399910601,,,,,,,,,,,,,,,,,,,,,
ekman_basic_emotions,28,0.8316086547507056,0.3388667294317112,0.642629805034337,0.3958240442846809,0.0,0.0,0.7802371541501977,0.24444444444444444,0.8804251550044287,0.4669603524229075,0.0,0.1482710506607653,-0.004004415022244826,0.6440551559150811,0.2237750389003552,,,,,,,,,,,,,,,,,,,,,
ekman_basic_emotions,29,0.8280809031044214,0.33162882931158294,0.6359333524778921,0.3958240442846809,0.0,0.0,0.775623268698061,0.20618556701030927,0.8787234042553191,0.4608695652173913,0.0,0.16725562804414515,0.014058432104623708,0.6307421662936307,0.19738734574858405,,,,,,,,,,,,,,,,,,,,,
ekman_basic_emotions,30,0.8334901222953904,0.3313269467872155,0.6482963071316876,0.3958240442846809,0.0,0.0,0.7862176977290525,0.1875,0.8819345661450925,0.4636363636363636,0.0,0.14849589400835486,-0.0027340183536988007,0.6492552497164265,0.21471540946468973,,,,,,,,,,,,,,,,,,,,,
ekman_basic_emotions,31,0.83137347130762,0.33544636962076485,0.6467707654515238,0.3958240442846809,0.0,0.0,0.783081102056655,0.24444444444444444,0.8809438684304612,0.4396551724137931,0.0,0.13989968693587085,-0.002621629227835698,0.647694380161623,0.22735334438869578,,,,,,,,,,,,,,,,,,,,,
ekman_basic_emotions,32,0.8250235183443085,0.3380965269353901,0.6315803286136682,0.3958240442846809,0.0,0.0,0.7721766314966784,0.2608695652173913,0.8747550329592019,0.4588744588744589,0.0,0.14687392722846945,-0.00433434340920394,0.6331702945298728,0.2241434247645255,,,,,,,,,,,,,,,,,,,,,
ekman_basic_emotions,33,0.8276105362182502,0.3314222438819022,0.6375978767622115,0.3958240442846809,0.0,0.0,0.7799921844470497,0.24719101123595505,0.8775182742021751,0.4152542372881356,0.0,0.14351535544455227,-0.01720400995580154,0.6437271976016539,0.21939317842047443,,,,,,,,,,,,,,,,,,,,,
ekman_basic_emotions,34,0.8250235183443085,0.33851352672947105,0.6342416169863749,0.3958240442846809,0.0,0.0,0.7741935483870968,0.2765957446808511,0.8752907496868849,0.4435146443514644,0.0,0.15558766765735033,0.009371767097094816,0.6307813861292663,0.21663096578022523,,,,,,,,,,,,,,,,,,,,,
ekman_basic_emotions,35,0.8182031984948259,0.3332260378404239,0.6165142636797439,0.3958240442846809,0.0,0.0,0.7573731812819504,0.26506024096385544,0.8721323137115419,0.4380165289256198,0.0,0.1502833963558637,-0.011786529834137726,0.6209815756460793,0.2152984191434926,,,,,,,,,,,,,,,,,,,,,
ekman_basic_emotions,36,0.8137347130761995,0.3207968747470158,0.6099500200700152,0.3958240442846809,0.0,0.0,0.75859375,0.20408163265306123,0.86796498123995,0.4149377593360996,0.0,0.1632228647395674,-0.008534699529386415,0.6132508082151321,0.1883106066926723,,,,,,,,,,,,,,,,,,,,,
ekman_basic_emotions,37,0.8158513640639699,0.32740191577039063,0.6131060326593467,0.3958240442846809,0.0,0.0,0.753600622810432,0.21739130434782608,0.870605033018026,0.45021645021645024,0.0,0.13801876673287883,-0.007863044866386372,0.6161244632280923,0.21970681231620673,,,,,,,,,,,,,,,,,,,,,
ekman_basic_emotions,38,0.8132643461900282,0.32160596309656037,0.6058451597203156,0.3958240442846809,0.0,0.0,0.751472320376914,0.1956521739130435,0.8682198114885292,0.4358974358974359,0.0,0.14229321603568304,0.002556784810168062,0.6048348073582621,0.20906066083807173,,,,,,,,,,,,,,,,,,,,,
ekman_basic_emotions,39,0.8142050799623707,0.3241129848019832,0.6071151085465833,0.3958240442846809,0.0,0.0,0.751074638530676,0.21739130434782608,0.8691322901849218,0.43119266055045874,0.0,0.15663103117655267,0.00708531071437384,0.6043115328104511,0.19858681053807134,,,,,,,,,,,,,,,,,,,,,
ekman_basic_emotions,40,0.808560677328316,0.32172584120022296,0.5971778128531173,0.3958240442846809,0.0,0.0,0.7455113192818111,0.21052631578947367,0.8643251916562668,0.43171806167400884,0.0,0.14806339987592823,0.0018568393263778881,0.5964284453193789,0.20384432515166434,,,,,,,,,,,,,,,,,,,,,
ekman_basic_emotions,41,0.8080903104421449,0.3150172372740484,0.5952259356007299,0.3958240442846809,0.0,0.0,0.7419229272090307,0.16091954022988506,0.8647781934794228,0.4375,0.0,0.1398905624177629,0.00901248054654822,0.591544740520536,0.2036097584844152,,,,,,,,,,,,,,,,,,,,,
ekman_basic_emotions,42,0.8167920978363123,0.32918535747547206,0.6130182198641243,0.3958240442846809,0.0,0.0,0.7542008597108245,0.2558139534883721,0.8713752001423234,0.42290748898678415,0.0,0.15621176867293887,0.007396713914453711,0.6101344962679036,0.20499644624160065,,,,,,,,,,,,,,,,,,,,,
ekman_basic_emotions,43,0.8144402634054563,0.3258892123444668,0.6076251015826599,0.3958240442846809,0.0,0.0,0.7505882352941177,0.22727272727272727,0.8697352052603519,0.4336283185840708,0.0,0.1403008186358078,0.008079103072557877,0.6044292446779232,0.21587596886408886,,,,,,,,,,,,,,,,,,,,,
ekman_basic_emotions,44,0.8170272812793979,0.32542609380461407,0.6145632331413606,0.3958240442846809,0.0,0.0,0.7558369608231104,0.24489795918367346,0.8739555555555556,0.40329218106995884,0.0,0.15536278653153746,-0.010219373164074478,0.6184623091800094,0.2013447958025905,,,,,,,,,,,,,,,,,,,,,
ekman_basic_emotions,45,0.8132643461900282,0.33035390001424825,0.6064482912428297,0.3958240442846809,0.0,0.0,0.7483365949119374,0.2696629213483146,0.8689458689458689,0.425531914893617,0.0,0.14886938392124296,0.00605835377936528,0.604049482931305,0.21322757361158315,,,,,,,,,,,,,,,,,,,,,
ekman_basic_emotions,46,0.8137347130761995,0.31975542596451945,0.609452837093817,0.3958240442846809,0.0,0.0,0.7541877678223607,0.23404255319148937,0.8703108252947481,0.379746835443038,0.0,0.15837178681446562,0.006771893459205838,0.606790061281716,0.19175169822221405,,,,,,,,,,,,,,,,,,,,,
ekman_basic_emotions,47,0.8113828786453434,0.3154840727533611,0.6025991651594306,0.3958240442846809,0.0,0.0,0.7498045347928068,0.18604651162790697,0.8674741717135732,0.4050632911392405,0.0,0.15004985959857792,0.010250273565408979,0.5984835113093288,0.19463990332027056,,,,,,,,,,,,,,,,,,,,,
go_emotions,0,0.46401693320790216,0.2290632434591214,0.3588082365397143,0.6308866494331672,,,,0.03508771929824561,0.6003696857670979,0.0,,0.038391685643658836,0.0011811895564405699,0.35804997187073123,0.19828401540297602,0.43130434782608695,0.391304347826087,0.0,0.27697841726618705,0.5132641291810842,0.34408602150537637,0.3543788187372709,0.0,0.0,0.125,0.327710843373494,0.5038167938931297,0.17391304347826086,0.13333333333333333,0.16585365853658537,0.0,0.0,0.3088235294117647,0.3541666666666667,,
go_emotions,1,0.47695202257761055,0.24305609693642766,0.3742064339219293,0.6308866494331672,,,,0.07407407407407407,0.6089530151683314,0.0,,0.03563118677697222,-0.0041428288607547785,0.3767882933665307,0.21508877860350784,0.4098073555166375,0.36363636363636365,0.0,0.2801418439716312,0.5324899367452559,0.36363636363636365,0.3438735177865613,0.0,0.0,0.21739130434782608,0.35148514851485146,0.5362162162162162,0.17647058823529413,0.14285714285714285,0.1891891891891892,0.03225806451612903,0.0,0.32684824902723736,0.39790575916230364,,
go_emotions,2,0.4924741298212606,0.23690271949750066,0.3881394572765794,0.6308866494331672,,,,0.0425531914893617,0.6275362318840579,0.0,,0.04265869455229158,0.0023008588659058807,0.386728405892068,0.20289945063466083,0.4028776978417266,0.30434782608695654,0.0,0.29038112522686027,0.5617597292724196,0.3829787234042553,0.38333333333333336,0.0,0.0,0.19047619047619047,0.35,0.5355555555555556,0.22535211267605634,0.0,0.1572052401746725,0.03508771929824561,0.0,0.32669322709163345,0.39572192513368987,,
go_emotions,3,0.4967074317968015,0.2411123055443498,0.39172213731307093,0.6308866494331672,,,,0.0392156862745098,0.6372126436781609,0.0,,0.04385655963873344,0.0021737482156846525,0.39039701390978127,0.20630350800826056,0.4264705882352941,0.2564102564102564,0.0,0.27715355805243447,0.562887760857304,0.32989690721649484,0.36065573770491804,0.0,0.0,0.20408163265306123,0.33,0.5486725663716814,0.18421052631578946,0.16666666666666666,0.17560975609756097,0.0547945205479452,0.0,0.325,0.425531914893617,,
go_emotions,4,0.519755409219191,0.2546477034839236,0.4186601333282198,0.6308866494331672,,,,0.041666666666666664,0.6491732566498921,0.0,,0.04132981025235489,0.0009614089940007934,0.4181006900980772,0.22251436991873227,0.46037735849056605,0.37209302325581395,0.0,0.2894736842105263,0.5815367606412383,0.3595505617977528,0.40081799591002043,0.0,0.0,0.16326530612244897,0.3609022556390977,0.6037735849056604,0.21052631578947367,0.1111111111111111,0.17777777777777778,0.038461538461538464,0.0,0.3524229074889868,0.4293193717277487,,
go_emotions,5,0.5362182502351834,0.27052063659039854,0.4382494152062957,0.6308866494331672,,,,0.0,0.6573275862068966,0.0,,0.04081431781393188,-0.0013409891388639795,0.4390017078230262,0.2394805542269416,0.47761194029850745,0.4090909090909091,0.0,0.32075471698113206,0.5843439911797134,0.4222222222222222,0.4057971014492754,0.0,0.0,0.13636363636363635,0.4282238442822384,0.6206140350877193,0.21875,0.10526315789473684,0.19607843137254902,0.07142857142857142,0.0,0.39183673469387753,0.5057471264367817,,
go_emotions,6,0.5388052681091251,0.2635595442852195,0.4383891258569357,0.6308866494331672,,,,0.0,0.6640790402258292,0.0,,0.04311827622411705,-0.00012955616468632043,0.4384618765825308,0.23037462476682574,0.48417132216014896,0.3404255319148936,0.0,0.3296296296296296,0.5852585258525853,0.38202247191011235,0.4297872340425532,0.0,0.0,0.21052631578947367,0.37745098039215685,0.6307339449541285,0.2647058823529412,0.0,0.16666666666666666,0.03773584905660377,0.0,0.4155844155844156,0.47953216374269003,,
go_emotions,7,0.5489181561618062,0.2732793702655752,0.45176571736893123,0.6308866494331672,,,,0.04,0.663348738002133,0.0,,0.04164937830606129,0.0027151890108883976,0.4502731049444867,0.2416965009633894,0.5009074410163339,0.37209302325581395,0.0,0.35181644359464626,0.5947426067907996,0.34782608695652173,0.45493562231759654,0.0,0.0,0.1111111111111111,0.4090909090909091,0.6456692913385826,0.27848101265822783,0.0,0.19230769230769232,0.11764705882352941,0.0,0.4034334763948498,0.5287356321839081,,
go_emotions,8,0.5529162746942615,0.2886834776416732,0.4584647107930095,0.6308866494331672,,,,0.043478260869565216,0.6609318996415771,0.0,,0.04061293629707335,0.0017132438798819684,0.4575353365282643,0.2585719056781181,0.5081669691470054,0.46511627906976744,0.0,0.3780718336483932,0.5973451327433629,0.3711340206185567,0.4525862068965517,0.0,0.0,0.22857142857142856,0.4223300970873786,0.6608315098468271,0.3142857142857143,0.08333333333333333,0.21153846153846154,0.10526315789473684,0.0,0.37130801687763715,0.47674418604651164,,
go_emotions,9,0.5754938852304797,0.28613863193269345,0.48284521285614906,0.6308866494331672,,,,0.05405405405405406,0.6880960791239844,0.0,,0.03992352003317065,-0.0017673890981036299,0.4837576140211072,0.2564536440972177,0.5125448028673835,0.37209302325581395,0.0,0.409683426443203,0.618421052631579,0.32608695652173914,0.4956896551724138,0.0,0.0,0.20512820512820512,0.43842364532019706,0.6681367144432194,0.3188405797101449,0.0,0.1691542288557214,0.041666666666666664,0.0,0.44761904761904764,0.5294117647058824,,
go_emotions,10,0.5846660395108184,0.2960091138472948,0.49268904795452934,0.6308866494331672,,,,0.045454545454545456,0.6957431960921144,0.0,,0.041162595711023986,0.000699323659374711,0.49233402512724134,0.2657870010038373,0.523725834797891,0.4,0.0,0.41472868217054265,0.6222961730449251,0.4044943820224719,0.5043103448275862,0.0,0.0,0.19047619047619047,0.4449877750611247,0.6747252747252748,0.2857142857142857,0.0,0.21164021164021163,0.07692307692307693,0.0,0.45410628019323673,0.562874251497006,,
go_emotions,11,0.5703198494825964,0.2813925365847912,0.47573721892416754,0.6308866494331672,,,,0.046511627906976744,0.682567520168362,0.0,,0.04048701229027441,0.0029683881399468364,0.4741763702980565,0.2510706237229132,0.5069444444444444,0.2916666666666667,0.0,0.3685220729366603,0.6247240618101545,0.40860215053763443,0.47186147186147187,0.0,0.0,0.23809523809523808,0.4289405684754522,0.6674033149171271,0.3125,0.0,0.17560975609756097,0.047619047619047616,0.0,0.4018264840182648,0.5172413793103449,,
go_emotions,12,0.569379115710254,0.28367668546764074,0.4753858924258141,0.6308866494331672,,,,0.08,0.6777502652989035,0.0,,0.038888329368233436,-0.0035660979851566085,0.47725006989829055,0.25469293899896234,0.4991212653778559,0.391304347826087,0.0,0.3985102420856611,0.6090759978130126,0.41237113402061853,0.4978165938864629,0.0,0.0,0.14285714285714285,0.4666666666666667,0.6703176341730559,0.2647058823529412,0.0,0.17435897435897435,0.05,0.0,0.3827751196172249,0.5232558139534884,,
go_emotions,13,0.577140169332079,0.2997336867197071,0.48467426116337353,0.6308866494331672,,,,0.07272727272727272,0.6751143963393171,0.0,,0.04041092922799415,0.0015948025382257521,0.48385110559647637,0.27024355048467086,0.4991212653778559,0.3829787234042553,0.0,0.4143126177024482,0.6297731045932484,0.42696629213483145,0.4861407249466951,0.0,0.0,0.20408163265306123,0.4375,0.6796116504854369,0.38095238095238093,0.0,0.23529411764705882,0.07692307692307693,0.0,0.3791469194312796,0.6134969325153374,,
go_emotions,14,0.5867826904985889,0.3053873377003713,0.4920277399158069,0.6308866494331672,,,,0.1,0.690984170681349,0.0,,0.03970081957801816,-0.0028855455199961826,0.49348929959818155,0.2766705663599579,0.5117967332123412,0.3902439024390244,0.0,0.42003853564547206,0.626571897211591,0.41975308641975306,0.4915254237288136,0.13333333333333333,0.0,0.20512820512820512,0.44919786096256686,0.690631808278867,0.3380281690140845,0.0,0.23036649214659685,0.08333333333333333,0.0,0.3791469194312796,0.5584415584415584,,
go_emotions,15,0.6018344308560677,0.3264379356185425,0.5072022174557613,0.6308866494331672,,,,0.13333333333333333,0.7004765146358066,0.0,,0.04235841471947573,0.006184276716892719,0.5041356551330635,0.29664492986261737,0.539568345323741,0.5106382978723404,0.0,0.4015151515151515,0.6472148541114059,0.475,0.503370786516854,0.14285714285714285,0.0,0.20833333333333334,0.45231607629427795,0.6911928651059086,0.25925925925925924,0.11764705882352941,0.24,0.14285714285714285,0.0,0.46938775510204084,0.5466666666666666,,
go_emotions,16,0.6048918156161807,0.33339077572328196,0.5113001767359175,0.6308866494331672,,,,0.13333333333333333,0.7016706443914081,0.0,,0.042324711820201345,-0.0026651148970629674,0.51259915598614,0.3039298053271209,0.5392857142857143,0.5454545454545454,0.0,0.39849624060150374,0.6453333333333333,0.5063291139240507,0.5365853658536586,0.16666666666666666,0.0,0.2631578947368421,0.46684350132625996,0.6805251641137856,0.2962962962962963,0.0,0.2681564245810056,0.13333333333333333,0.0,0.46408839779005523,0.589041095890411,,
go_emotions,17,0.6046566321730951,0.33138234709439773,0.511542284944908,0.6308866494331672,,,,0.16,0.7054794520547946,0.0,,0.04265009449991611,0.0019101066418378276,0.5106074930669495,0.301595321559737,0.5330948121645797,0.4897959183673469,0.0,0.4185185185185185,0.6468401486988847,0.45,0.5119305856832972,0.15384615384615385,0.0,0.24242424242424243,0.47619047619047616,0.6659267480577137,0.2857142857142857,0.13333333333333333,0.25842696629213485,0.06451612903225806,0.0,0.47368421052631576,0.6206896551724138,,
go_emotions,18,0.6105362182502352,0.31959781100129336,0.516840981536098,0.6308866494331672,,,,0.05555555555555555,0.7209775967413442,0.0,,0.04144195845245735,-0.0025703939674180747,0.5180797065511553,0.29018154404063806,0.5571955719557196,0.5128205128205128,0.0,0.4144486692015209,0.6432318992654774,0.44155844155844154,0.5152838427947598,0.0,0.0,0.2857142857142857,0.4810126582278481,0.6629213483146067,0.2807017543859649,0.0,0.2598870056497175,0.16666666666666666,0.0,0.4656084656084656,0.5675675675675675,,
go_emotions,19,0.6121825023518345,0.3199744226520403,0.5179082454604695,0.6308866494331672,,,,0.18604651162790697,0.7317891910036926,0.0,,0.04270750370559839,0.001108674655873678,0.5173731693250556,0.2896365740039943,0.5362318840579711,0.47619047619047616,0.0,0.40239043824701193,0.6482465462274176,0.4507042253521127,0.5138004246284501,0.0,0.0,0.22857142857142856,0.45789473684210524,0.6591422121896162,0.2692307692307692,0.0,0.22346368715083798,0.15,0.0,0.4946236559139785,0.6111111111111112,,
go_emotions,20,0.6105362182502352,0.3282762337660104,0.5168811312899815,0.6308866494331672,,,,0.15384615384615385,0.7282535401213756,0.0,,0.044721829297754194,0.0014454887013955577,0.5161817775158514,0.29682914690682105,0.5441941074523396,0.5116279069767442,0.0,0.3742690058479532,0.6481283422459893,0.45,0.5315904139433552,0.15384615384615385,0.0,0.17647058823529413,0.4427083333333333,0.6825938566552902,0.2962962962962963,0.125,0.25842696629213485,0.18604651162790697,0.0,0.41711229946524064,0.5416666666666666,,
go_emotions,21,0.5971307619943556,0.3023168886527171,0.5007678917762781,0.6308866494331672,,,,0.09090909090909091,0.7118184896715205,0.0,,0.042161024627406334,0.0006393016087355936,0.500448527716401,0.2716070975542749,0.537521815008726,0.48484848484848486,0.0,0.39147286821705424,0.6314102564102564,0.375,0.4946236559139785,0.16666666666666666,0.0,0.11428571428571428,0.4607594936708861,0.6764705882352942,0.18518518518518517,0.0,0.25842696629213485,0.0975609756097561,0.0,0.4406779661016949,0.5333333333333333,,
go_emotions,22,0.6039510818438382,0.3042820824942535,0.505408657305393,0.6308866494331672,,,,0.1,0.7199734571997346,0.0,,0.040043439554724336,-0.005627903449122261,0.5081765919598611,0.27526104182981165,0.5301645338208409,0.5,0.0,0.3969171483622351,0.6363636363636364,0.4722222222222222,0.4888888888888889,0.0,0.0,0.17647058823529413,0.44854881266490765,0.6741826381059752,0.2,0.0,0.23728813559322035,0.08695652173913043,0.0,0.49101796407185627,0.5352112676056338,,
go_emotions,23,0.6088899341486359,0.32157170579830097,0.5134102414353029,0.6308866494331672,,,,0.17777777777777778,0.7176035005048805,0.0,,0.040852056409695074,-0.0016253946008037243,0.51419985836259,0.2926760686550706,0.5255731922398589,0.5142857142857142,0.0,0.4068441064638783,0.6397058823529411,0.47368421052631576,0.5178571428571429,0.0,0.0,0.11428571428571428,0.46938775510204084,0.668918918918919,0.20408163265306123,0.0,0.275,0.25,0.0,0.5380116959064327,0.5815602836879432,,
go_emotions,24,0.6011288805268109,0.34165215653870684,0.5039813472038449,0.6308866494331672,,,,0.17142857142857143,0.71000336813742,0.0,,0.04184102139506866,0.000888046143856849,0.5035404682310766,0.31290333007175886,0.5121107266435986,0.5714285714285714,0.0,0.40304182509505704,0.6326315789473684,0.5185185185185185,0.4966442953020134,0.36363636363636365,0.0,0.21621621621621623,0.46582278481012657,0.656072644721907,0.20833333333333334,0.0,0.24277456647398843,0.24,0.0,0.5443037974683544,0.5633802816901409,,
go_emotions,25,0.6011288805268109,0.338620140361174,0.5049219451708028,0.6308866494331672,,,,0.10810810810810811,0.706400270910938,0.0,,0.042382650357228636,-0.004718187202489753,0.5072468467922541,0.3093484992877933,0.5242369838420108,0.5789473684210527,0.0,0.3886792452830189,0.631190727081138,0.47619047619047616,0.47288503253796094,0.2,0.0,0.2702702702702703,0.45524296675191817,0.6734234234234234,0.28,0.0,0.2807017543859649,0.2222222222222222,0.0,0.5647058823529412,0.6164383561643836,,
go_emotions,26,0.6055973659454374,0.3217086388460361,0.510266487025849,0.6308866494331672,,,,0.20512820512820512,0.718381112984823,0.0,,0.04229103649107918,-0.0011941825659825894,0.510850620686786,0.2917562777435091,0.5394045534150613,0.45,0.0,0.3977485928705441,0.6454013822434875,0.4634146341463415,0.45064377682403434,0.0,0.0,0.24242424242424243,0.4708860759493671,0.6583427922814983,0.16666666666666666,0.0,0.21301775147928995,0.3,0.0,0.5172413793103449,0.6388888888888888,,
go_emotions,27,0.5928974600188147,0.3086037637083324,0.49333238125962353,0.6308866494331672,,,,0.16216216216216217,0.7098497495826377,0.0,,0.044350423361445034,-0.002157723638002322,0.4944232761075899,0.2765169857306734,0.5270506108202443,0.4864864864864865,0.0,0.379110251450677,0.6202463845741831,0.4418604651162791,0.47533632286995514,0.0,0.0,0.16666666666666666,0.4317617866004963,0.6515837104072398,0.2222222222222222,0.0,0.2085889570552147,0.20408163265306123,0.0,0.5172413793103449,0.5850340136054422,,
go_emotions,28,0.6055973659454374,0.33466915291543214,0.5096485427853928,0.6308866494331672,,,,0.2222222222222222,0.7148135707087672,0.0,,0.041934235470879544,0.00204843307862213,0.508642028863873,0.3055478321871034,0.5183887915936952,0.5263157894736842,0.0,0.3726937269372694,0.6461538461538462,0.43956043956043955,0.5209302325581395,0.15384615384615385,0.0,0.3333333333333333,0.46632124352331605,0.6493212669683258,0.26666666666666666,0.0,0.22085889570552147,0.13636363636363635,0.0,0.5433526011560693,0.631578947368421,,
go_emotions,29,0.5983066792097836,0.3331086820291922,0.5014157568095176,0.6308866494331672,,,,0.0975609756097561,0.7150573936529372,0.0,,0.0424137416581668,-0.0032875302807142087,0.5030494966373384,0.3035705011832521,0.5104166666666666,0.5454545454545454,0.0,0.4,0.6287234042553191,0.4810126582278481,0.497737556561086,0.14285714285714285,0.0,0.358974358974359,0.45843828715365237,0.6382022471910113,0.19047619047619047,0.16666666666666666,0.16766467065868262,0.1702127659574468,0.0,0.5536723163841808,0.6052631578947368,,
go_emotions,30,0.5874882408278457,0.3112086780478067,0.4874710179885281,0.6308866494331672,,,,0.16216216216216217,0.7072192513368984,0.0,,0.04023825597224452,-0.008833811386916628,0.49195895674148615,0.2823309261509031,0.5211009174311927,0.5142857142857142,0.0,0.3775700934579439,0.607471575527883,0.42857142857142855,0.4943310657596372,0.0,0.0,0.35294117647058826,0.43107769423558895,0.6412556053811659,0.125,0.0,0.2122905027932961,0.16666666666666666,0.0,0.5402298850574713,0.5644171779141104,,
go_emotions,31,0.5896048918156162,0.31501309917057635,0.49110017855836746,0.6308866494331672,,,,0.13333333333333333,0.7027936721642545,0.0,,0.041899095175847535,0.0009903115639336008,0.49059570959886584,0.28505766211008376,0.516245487364621,0.5945945945945946,0.0,0.39705882352941174,0.6123110151187905,0.4235294117647059,0.5077951002227171,0.0,0.0,0.2,0.4742268041237113,0.641169853768279,0.17391304347826086,0.0,0.2441860465116279,0.24390243902439024,0.0,0.519774011299435,0.5454545454545454,,
go_emotions,32,0.5834901222953904,0.3053110183527258,0.48445997966141074,0.6308866494331672,,,,0.16216216216216217,0.703013884185574,0.0,,0.04460844007615831,0.002571624541324386,0.4831307861063067,0.2728751113285417,0.5072463768115942,0.5581395348837209,0.0,0.3897058823529412,0.6103336921420882,0.4090909090909091,0.5045045045045045,0.0,0.0,0.15,0.4365482233502538,0.6296715741789355,0.19607843137254902,0.0,0.21301775147928995,0.16326530612244897,0.0,0.5240641711229946,0.56,,
go_emotions,33,0.589134524929445,0.30124242851581057,0.4910919665855446,0.6308866494331672,,,,0.1,0.70893760539629,0.0,,0.04174567739546118,-0.006555525023384619,0.49440639809449927,0.2708015450585563,0.5074074074074074,0.4888888888888889,0.0,0.40370370370370373,0.6220302375809935,0.4318181818181818,0.5232815964523282,0.0,0.0,0.10810810810810811,0.4358974358974359,0.6202964652223489,0.24489795918367346,0.0,0.22346368715083798,0.125,0.0,0.5416666666666666,0.5419354838709678,,
go_emotions,34,0.5825493885230479,0.3015759816939579,0.48444272626664503,0.6308866494331672,,,,0.13953488372093023,0.7036784741144414,0.0,,0.04106190534750693,0.0021582833366391423,0.48332760083703025,0.27166933694594536,0.4889705882352941,0.5,0.0,0.4029038112522686,0.6206896551724138,0.4367816091954023,0.5172413793103449,0.125,0.0,0.17777777777777778,0.3949367088607595,0.6214039125431531,0.12,0.0,0.19767441860465115,0.09523809523809523,0.0,0.5806451612903226,0.5121951219512195,,
go_emotions,35,0.5714957666980245,0.29860910786156636,0.47079253290977047,0.6308866494331672,,,,0.125,0.6967741935483871,0.0,,0.048195689061722786,0.0022983649499249566,0.4695734190476009,0.26309338581686925,0.4753199268738574,0.5,0.0,0.3595505617977528,0.5994550408719346,0.449438202247191,0.4856512141280353,0.0,0.0,0.2222222222222222,0.40298507462686567,0.6231721034870641,0.1568627450980392,0.0,0.25555555555555554,0.16666666666666666,0.0,0.5108695652173914,0.5398773006134969,,
go_emotions,36,0.5776105362182502,0.2962189861839039,0.47886171302985575,0.6308866494331672,,,,0.125,0.7046456425907087,0.0,,0.042179885955328435,0.0013323175042338573,0.47816646507698163,0.2652263159893585,0.4753199268738574,0.5581395348837209,0.0,0.3605313092979127,0.6060606060606061,0.43478260869565216,0.5098039215686274,0.0,0.0,0.125,0.4129353233830846,0.6328828828828829,0.18867924528301888,0.0,0.24175824175824176,0.09302325581395349,0.0,0.5181347150259067,0.5301204819277109,,
go_emotions,37,0.5834901222953904,0.2957414811239231,0.48584036743904885,0.6308866494331672,,,,0.10256410256410256,0.7111864406779661,0.0,,0.03964309139216832,-0.009483999440398605,0.4906708448613624,0.2666700134463596,0.47882136279926335,0.5777777777777777,0.0,0.36952380952380953,0.609983543609435,0.45977011494252873,0.5104602510460251,0.0,0.0,0.13333333333333333,0.38144329896907214,0.6591166477916195,0.11320754716981132,0.0,0.25668449197860965,0.08333333333333333,0.0,0.5257731958762887,0.5333333333333333,,
go_emotions,38,0.5799623706491063,0.30412206942396747,0.4824298724893953,0.6308866494331672,,,,0.09523809523809523,0.7039945373847729,0.0,,0.03978947228788691,-0.003131711640774746,0.48404569259998775,0.2752860851941542,0.4910394265232975,0.5454545454545454,0.0,0.38257575757575757,0.60207991242474,0.4666666666666667,0.5084745762711864,0.16666666666666666,0.0,0.13043478260869565,0.38219895287958117,0.6457399103139013,0.1702127659574468,0.0,0.287292817679558,0.08888888888888889,0.0,0.5148514851485149,0.5088757396449705,,
go_emotions,39,0.5761994355597366,0.2977394849718777,0.4770848352212035,0.6308866494331672,,,,0.09090909090909091,0.7010519172039362,0.0,,0.04234486223806166,-0.000644114774497434,0.4774214357952435,0.266687466775022,0.4909090909090909,0.47619047619047616,0.0,0.38330170777988615,0.6075949367088608,0.45454545454545453,0.4817204301075269,0.18181818181818182,0.0,0.09090909090909091,0.41116751269035534,0.625560538116592,0.13333333333333333,0.0,0.24175824175824176,0.1568627450980392,0.0,0.4827586206896552,0.5398773006134969,,
go_emotions,40,0.5794920037629351,0.2878244974304079,0.4797427417691402,0.6308866494331672,,,,0.05128205128205128,0.7077441077441078,0.0,,0.040696596398117735,-0.0014289457156312117,0.4804851003591886,0.25761182552298123,0.49911504424778763,0.5416666666666666,0.0,0.3835616438356164,0.6041666666666666,0.42857142857142855,0.5021459227467812,0.0,0.0,0.08695652173913043,0.36883116883116884,0.632420091324201,0.18181818181818182,0.0,0.2810810810810811,0.043478260869565216,0.0,0.4975609756097561,0.5217391304347826,,
go_emotions,41,0.573612417685795,0.2950088422812936,0.4736427340466591,0.6308866494331672,,,,0.1,0.696483441447593,0.0,,0.042221638286101294,0.0019939074379811445,0.4725911295770655,0.2639307945345953,0.48857644991212656,0.5116279069767442,0.0,0.3682170542635659,0.6078536847767617,0.3902439024390244,0.47558386411889597,0.0,0.0,0.13333333333333333,0.3888888888888889,0.6375143843498274,0.23255813953488372,0.125,0.2702702702702703,0.041666666666666664,0.0,0.4791666666666667,0.5432098765432098,,
go_emotions,42,0.5658513640639699,0.28575452965113485,0.4629248446716306,0.6308866494331672,,,,0.05263157894736842,0.6969183880799187,0.0,,0.0412374437663593,-0.009108457633381339,0.4677726152568886,0.25503403767177285,0.48771929824561405,0.5365853658536586,0.0,0.3452157598499062,0.6005420054200542,0.41975308641975306,0.45652173913043476,0.0,0.0,0.13333333333333333,0.3756345177664975,0.61345496009122,0.13636363636363635,0.13333333333333333,0.20809248554913296,0.08163265306122448,0.0,0.46994535519125685,0.5389221556886228,,
go_emotions,43,0.569379115710254,0.2922541950345719,0.4671313652887102,0.6308866494331672,,,,0.10256410256410256,0.7045760430686406,0.0,,0.042662905155140075,-0.0003962124363539016,0.4673424108498498,0.2607141112816474,0.5026362038664324,0.55,0.0,0.3284132841328413,0.6016528925619835,0.36363636363636365,0.46153846153846156,0.0,0.0,0.1951219512195122,0.38219895287958117,0.6174801362088536,0.1702127659574468,0.11764705882352941,0.20105820105820105,0.12244897959183673,0.0,0.46994535519125685,0.5384615384615384,,
go_emotions,44,0.5722013170272813,0.2940584920002205,0.4720389549289207,0.6308866494331672,,,,0.13636363636363635,0.7039945373847729,0.0,,0.04341132609495584,0.001408317573387042,0.4712943694983365,0.26202188332635973,0.49122807017543857,0.43902439024390244,0.0,0.33147113594040967,0.6026954177897574,0.46511627906976744,0.45064377682403434,0.0,0.0,0.14285714285714285,0.3979328165374677,0.6435185185185185,0.17391304347826086,0.14285714285714285,0.26455026455026454,0.07547169811320754,0.0,0.4891304347826087,0.5185185185185185,,
go_emotions,45,0.5618532455315146,0.2872529253838682,0.4604256764938008,0.6308866494331672,,,,0.046511627906976744,0.6924657534246575,0.0,,0.04169490821211349,-0.0004468763175238378,0.46066669177649766,0.2562420040089979,0.5106382978723404,0.42105263157894735,0.0,0.3486238532110092,0.587527352297593,0.4578313253012048,0.4463157894736842,0.0,0.0,0.15,0.3816793893129771,0.6221719457013575,0.20833333333333334,0.14285714285714285,0.22340425531914893,0.12244897959183673,0.0,0.4607329842931937,0.49696969696969695,,
go_emotions,46,0.559266227657573,0.2831813908367533,0.45835310014873665,0.6308866494331672,,,,0.044444444444444446,0.6897973205084164,0.0,,0.042110497597909406,-0.002172439077724034,0.4595272442836999,0.2516687912690479,0.4919210053859964,0.4090909090909091,0.0,0.3387387387387387,0.590633608815427,0.43373493975903615,0.44398340248962653,0.0,0.0,0.10526315789473684,0.39195979899497485,0.6224256292906178,0.18867924528301888,0.14285714285714285,0.24043715846994534,0.12,0.0,0.47,0.5060240963855421,,
go_emotions,47,0.5540921919096896,0.2804861648420713,0.4510913708477568,0.6308866494331672,,,,0.09302325581395349,0.6879505664263645,0.0,,0.04012383610853947,0.000574483760995594,0.45077585049271823,0.25040972760389446,0.46153846153846156,0.42105263157894735,0.0,0.3372093023255814,0.5892566467715681,0.47058823529411764,0.4530612244897959,0.0,0.0,0.1702127659574468,0.38596491228070173,0.6055045871559633,0.14545454545454545,0.11764705882352941,0.22459893048128343,0.07547169811320754,0.0,0.4321608040201005,0.5,,
plutchik_wheel,0,0.6267638758231421,0.3002484156631584,0.4280902020327864,0.5420059183798466,0.0,0.0,,0.03508771929824561,0.58038513210927,0.14285714285714285,,0.11362693993551709,-0.0029122354253274274,0.4297509016582383,0.21054506746184812,,,,,,,,,,,,,0.48985507246376814,,,,,,,0.4043179587831207,0.7494842997937199
plutchik_wheel,1,0.6288805268109126,0.29408068396968307,0.4287005457354498,0.5420059183798466,0.0,0.0,,0.017543859649122806,0.583444001770695,0.11428571428571428,,0.12117379295215885,0.003274031752934805,0.42682394914492855,0.1967475362374026,,,,,,,,,,,,,0.4789156626506024,,,,,,,0.40634291377601583,0.7521133196253141
plutchik_wheel,2,0.6317027281279398,0.2991106209361003,0.4292944195609133,0.5420059183798466,0.0,0.0,,0.05309734513274336,0.5838896306186026,0.11940298507462686,,0.12500936259608839,0.008225383619727633,0.4245612148029979,0.19897499572860414,,,,,,,,,,,,,0.48787878787878786,,,,,,,0.39357429718875503,0.7550419215952866
plutchik_wheel,3,0.6408748824082785,0.2966790096477457,0.44223856185794175,0.5420059183798466,0.0,0.0,,0.01818181818181818,0.5881302989736724,0.09230769230769231,,0.12261236410469607,0.0020962503203757763,0.4410668981641497,0.19839195176876243,,,,,,,,,,,,,0.5125184094256259,,,,,,,0.39671120246659813,0.7655826558265583
plutchik_wheel,4,0.6502822201317028,0.32273302917137575,0.4557305254417207,0.5420059183798466,0.0,0.0,,0.07339449541284404,0.5976597659765976,0.1875,,0.12268537248961957,-0.00012220544595348964,0.45579703000835775,0.22802270748573514,,,,,,,,,,,,,0.5235294117647059,,,,,,,0.4344262295081967,0.7653543307086614
plutchik_wheel,5,0.6571025399811853,0.33697152965587535,0.46792550286338125,0.5420059183798466,0.0,0.0,,0.1111111111111111,0.6103202846975089,0.22580645161290322,,0.11629668765268915,0.001934675459998306,0.46689411599201025,0.24971598376951332,,,,,,,,,,,,,0.552437223042836,,,,,,,0.4278403275332651,0.7682568392493783
plutchik_wheel,6,0.6474600188146754,0.3313570091686853,0.4502853644890306,0.5420059183798466,0.0,0.0,,0.13333333333333333,0.5907059874888293,0.21875,,0.12261693004449065,4.582235967502535e-05,0.4502601741130011,0.23791213470164124,,,,,,,,,,,,,0.534711964549483,,,,,,,0.4091381100726895,0.7642166779051472
plutchik_wheel,7,0.6658043273753528,0.34272411273985937,0.480526039408122,0.5420059183798466,0.0,0.0,,0.11538461538461539,0.6098654708520179,0.23376623376623376,,0.12886284841396237,0.0005742193004846366,0.4802275760504305,0.24549666368439235,,,,,,,,,,,,,0.5553914327917282,,,,,,,0.4472049689440994,0.7801801801801802
plutchik_wheel,8,0.6766227657572906,0.35385999598793716,0.4979743066472709,0.5420059183798466,0.0,0.0,,0.14285714285714285,0.6299911268855368,0.25806451612903225,,0.12665751449958354,0.015374412284958427,0.49013543867192355,0.26015278686249743,,,,,,,,,,,,,0.5701881331403763,,,,,,,0.44306418219461696,0.7867148666967917
plutchik_wheel,9,0.6843838193791157,0.3663927017756846,0.5036150785976458,0.5420059183798466,0.0,0.0,,0.14285714285714285,0.6141377757766772,0.3142857142857143,,0.1171633388212681,-0.002426753047628799,0.5048167660198418,0.2823051804641352,,,,,,,,,,,,,0.6055045871559633,,,,,,,0.4570230607966457,0.7973333333333333
plutchik_wheel,10,0.6890874882408279,0.3658442681783865,0.5116063112018541,0.5420059183798466,0.0,0.0,,0.13861386138613863,0.632003585835948,0.2898550724637681,,0.11655303760275963,-0.004258599950528034,0.5136773647522608,0.28218018872256134,,,,,,,,,,,,,0.5981873111782477,,,,,,,0.4724576271186441,0.7956366874443455
plutchik_wheel,11,0.6705079962370649,0.40484974450484534,0.48314992901053555,0.5420059183798466,0.4,0.0,,0.18,0.6037053773158608,0.23880597014925373,,0.11898408909854337,-0.0013679017856178942,0.4838559633598916,0.32447275000266895,,,,,,,,,,,,,0.5885885885885885,,,,,,,0.4460580912863071,0.7816399286987522
plutchik_wheel,12,0.6747412982126059,0.4015429104647271,0.4901389157661446,0.5420059183798466,0.4,0.0,,0.10869565217391304,0.6185840707964602,0.26865671641791045,,0.1301695665642359,-0.0031629689135681334,0.4917465057686109,0.31198419079059714,,,,,,,,,,,,,0.5896656534954408,,,,,,,0.4437434279705573,0.7829977628635347
plutchik_wheel,13,0.6862652869238005,0.3962759605336676,0.5062881184343803,0.5420059183798466,0.3333333333333333,0.0,,0.13636363636363635,0.6292134831460674,0.2318840579710145,,0.1270849349717,0.011490633204898367,0.5005491114704264,0.3083816929579975,,,,,,,,,,,,,0.5963855421686747,,,,,,,0.4463157894736842,0.7967118418129304
plutchik_wheel,14,0.6860301034807149,0.40122973244846116,0.5053590534895152,0.5420059183798466,0.4,0.0,,0.10869565217391304,0.6323396567299007,0.208955223880597,,0.1289309554855262,0.003478197455827802,0.5036325896255951,0.3126029775454963,,,,,,,,,,,,,0.6144578313253012,,,,,,,0.45425867507886436,0.7911308203991131
plutchik_wheel,15,0.6900282220131703,0.404161357267597,0.5101371506719217,0.5420059183798466,0.4,0.0,,0.17647058823529413,0.6379928315412187,0.16393442622950818,,0.12300880010847294,-0.004029776287554243,0.5121032653639332,0.32058766062179317,,,,,,,,,,,,,0.5954887218045113,,,,,,,0.4650655021834061,0.7943387881468377
plutchik_wheel,16,0.6921448730009407,0.3649626535600692,0.5124455838736501,0.5420059183798466,0.0,0.0,,0.14736842105263157,0.6419642857142858,0.25,,0.13305068189395364,0.003926410237157762,0.5105236991150092,0.2675034939444381,,,,,,,,,,,,,0.6265432098765432,,,,,,,0.46203904555314534,0.7917862662839479
plutchik_wheel,17,0.6923800564440263,0.3748513041301682,0.5146262069935754,0.5420059183798466,0.0,0.0,,0.23529411764705882,0.6416107382550336,0.2608695652173913,,0.12235606589056562,0.0031140862703865264,0.5131099894966786,0.28769667108314867,,,,,,,,,,,,,0.5829457364341085,,,,,,,0.48394004282655245,0.794150232661201
plutchik_wheel,18,0.6987300094073378,0.3720324301336463,0.5238593629382308,0.5420059183798466,0.0,0.0,,0.19148936170212766,0.6452476572958501,0.25,,0.12148021363280692,-0.002941752414793783,0.5252559424160373,0.28519814850944814,,,,,,,,,,,,,0.6053042121684867,,,,,,,0.4829787234042553,0.8012394864984507
plutchik_wheel,19,0.6982596425211665,0.4244348484422117,0.5242768924075083,0.5420059183798466,0.4,0.0,,0.2222222222222222,0.6420631391729658,0.22580645161290322,,0.12115047693819125,-0.0013056847392038326,0.5248972268479662,0.34509249142835424,,,,,,,,,,,,,0.609642301710731,,,,,,,0.4973432518597237,0.7984014209591475
plutchik_wheel,20,0.6874412041392286,0.3999748290322562,0.5032552963573891,0.5420059183798466,0.2857142857142857,0.0,,0.20454545454545456,0.6300758589915216,0.24615384615384617,,0.13147989344237618,0.007806298518017381,0.49934704997557233,0.3091407251975532,,,,,,,,,,,,,0.5851393188854489,,,,,,,0.45494505494505494,0.7932248130224373
plutchik_wheel,21,0.6900282220131703,0.4255128240919346,0.5082452270387683,0.5420059183798466,0.4,0.0,,0.2222222222222222,0.6354723707664884,0.3076923076923077,,0.11622128708174606,-0.0070416078693435885,0.5116837585274497,0.34996490918965684,,,,,,,,,,,,,0.5838509316770186,,,,,,,0.461038961038961,0.7938257993384785
plutchik_wheel,22,0.6944967074317968,0.42642785576631426,0.514876070505545,0.5420059183798466,0.4,0.0,,0.20930232558139536,0.6456762749445676,0.3333333333333333,,0.12962957303890357,0.0038870316189565904,0.5129830201057272,0.34100226011088597,,,,,,,,,,,,,0.5661538461538461,,,,,,,0.4580152671755725,0.798941798941799
plutchik_wheel,23,0.6942615239887112,0.41613255126614296,0.5160983519794781,0.5420059183798466,0.2857142857142857,0.0,,0.17073170731707318,0.6391478029294274,0.39285714285714285,,0.12596325124743937,-0.0054604822448987705,0.5187263382643232,0.33198752847959523,,,,,,,,,,,,,0.5700934579439252,,,,,,,0.4703389830508475,0.8001770303164417
plutchik_wheel,24,0.6961429915333961,0.4158969464171064,0.5156378583441572,0.5420059183798466,0.3333333333333333,0.0,,0.1411764705882353,0.6486486486486487,0.37037037037037035,,0.1298787683405597,-0.00028738776285226465,0.5157770181036462,0.3287107217589334,,,,,,,,,,,,,0.5573248407643312,,,,,,,0.47878128400435255,0.7975406236275802
plutchik_wheel,25,0.6989651928504234,0.4129653922782217,0.5199897594962448,0.5420059183798466,0.2857142857142857,0.0,,0.20930232558139536,0.6410371032632991,0.32142857142857145,,0.13172722509670923,-0.0007112207665313083,0.5203309101140349,0.32390531559950975,,,,,,,,,,,,,0.5587301587301587,,,,,,,0.4821621621621622,0.8053485313459009
plutchik_wheel,26,0.6865004703668862,0.37245606791436486,0.5039598313633104,0.5420059183798466,0.0,0.0,,0.19047619047619047,0.6432028156621206,0.3389830508474576,,0.12406218155054738,0.0020196480770243723,0.5029559773587866,0.2835747939317355,,,,,,,,,,,,,0.5482388973966309,,,,,,,0.4721311475409836,0.7866164413915355
plutchik_wheel,27,0.6890874882408279,0.4254367088878647,0.509069589625278,0.5420059183798466,0.2857142857142857,0.0,,0.2682926829268293,0.646954986760812,0.38095238095238093,,0.1245302435888203,-0.00037173483747289857,0.509252017746701,0.34370857827522533,,,,,,,,,,,,,0.5562700964630225,,,,,,,0.4791666666666667,0.7861425716189208
plutchik_wheel,28,0.7003762935089369,0.424567045681312,0.521987992844963,0.5420059183798466,0.3333333333333333,0.0,,0.22988505747126436,0.6582506762849414,0.3225806451612903,,0.12420506484433334,0.00287376483811439,0.5206103396954241,0.3429592576755326,,,,,,,,,,,,,0.5741626794258373,,,,,,,0.48068669527896996,0.7976372784948589
plutchik_wheel,29,0.6999059266227657,0.4235687318232167,0.525024639611231,0.5420059183798466,0.3333333333333333,0.0,,0.23529411764705882,0.6639784946236559,0.31746031746031744,,0.13075046180671343,-7.657681150063239e-05,0.525061008924825,0.33686330236668144,,,,,,,,,,,,,0.5634674922600619,,,,,,,0.4766949152542373,0.7983211840070688
plutchik_wheel,30,0.6947318908748824,0.4118855402089774,0.5113365378295174,0.5420059183798466,0.3333333333333333,0.0,,0.21052631578947367,0.6572727272727272,0.2909090909090909,,0.12572981785614087,-0.0026446268732703295,0.5126254616310357,0.32730811160816903,,,,,,,,,,,,,0.5454545454545454,,,,,,,0.46220302375809935,0.7953852851545494
plutchik_wheel,31,0.690733772342427,0.426871739198776,0.5082542155993689,0.5420059183798466,0.4,0.0,,0.22727272727272727,0.6465556055830707,0.3384615384615385,,0.13677342750401786,-0.003011757257706338,0.5097307874584708,0.33606276838298843,,,,,,,,,,,,,0.5457413249211357,,,,,,,0.4631803628601921,0.7937623544915441
plutchik_wheel,32,0.6860301034807149,0.423302560914003,0.4999820589317415,0.5420059183798466,0.4,0.0,,0.21978021978021978,0.6435955056179775,0.3492063492063492,,0.12386606140879075,-0.0021270824677401784,0.5010433808085865,0.34177023205686446,,,,,,,,,,,,,0.5402843601895735,,,,,,,0.4427645788336933,0.7907894736842105
plutchik_wheel,33,0.6810912511759172,0.40832791787166933,0.4928375787791001,0.5420059183798466,0.4,0.0,,0.16326530612244897,0.6430839002267573,0.30985915492957744,,0.12042495918928046,-0.0008524889885152598,0.49326956089857954,0.32732051880078783,,,,,,,,,,,,,0.5235109717868338,,,,,,,0.43891891891891893,0.7879850909888182
plutchik_wheel,34,0.680620884289746,0.39163939178001045,0.4932727976523073,0.5420059183798466,0.2857142857142857,0.0,,0.17647058823529413,0.64816472694718,0.2727272727272727,,0.1288518511125785,-0.005332483584851451,0.49596057958777356,0.3016565448747707,,,,,,,,,,,,,0.5229793977812995,,,,,,,0.4420368364030336,0.785022026431718
plutchik_wheel,35,0.672859830667921,0.40520007356599086,0.48610862927621845,0.5420059183798466,0.4,0.0,,0.14,0.6370044052863436,0.3125,,0.12164559211351605,0.00046413765241527793,0.4858700021859968,0.3228246809107157,,,,,,,,,,,,,0.5331278890600925,,,,,,,0.4418356456776948,0.7771326485037964
plutchik_wheel,36,0.6669802445907808,0.39957220425015766,0.4738277238239046,0.5420059183798466,0.4,0.0,,0.17475728155339806,0.6303084488153777,0.29411764705882354,,0.11476766967395025,-0.00891832204014995,0.4784788176786066,0.32172857318858644,,,,,,,,,,,,,0.5164319248826291,,,,,,,0.4025695931477516,0.778392738543281
plutchik_wheel,37,0.6749764816556915,0.34700910325179474,0.4880039583591643,0.5420059183798466,0.0,0.0,,0.11428571428571428,0.6330806954971021,0.273972602739726,,0.12466074327454059,0.0036466556251954136,0.48613005162129025,0.25401392462281774,,,,,,,,,,,,,0.5365079365079365,,,,,,,0.4312896405919662,0.7869362363919129
plutchik_wheel,38,0.6785042333019755,0.35655991010551863,0.4939789508870623,0.5420059183798466,0.0,0.0,,0.1523809523809524,0.641885766092475,0.3013698630136986,,0.12814350875489117,0.00011379367776650483,0.49392136233764367,0.2619885309615843,,,,,,,,,,,,,0.5321100917431193,,,,,,,0.4369747899159664,0.7877578176979375
plutchik_wheel,39,0.6789746001881467,0.3575575567286774,0.4929870125199847,0.5420059183798466,0.0,0.0,,0.16326530612244897,0.6312471859522738,0.29411764705882354,,0.12352295322948818,-0.004617756977169038,0.49531751359284637,0.2670173786769644,,,,,,,,,,,,,0.541795665634675,,,,,,,0.4402116402116402,0.7898230088495575
plutchik_wheel,40,0.6799153339604892,0.35642019455018575,0.4963783669279163,0.5420059183798466,0.0,0.0,,0.14,0.6379542395693136,0.3125,,0.11424949561893728,-0.007603856395772548,0.5001789345333071,0.2734073508662244,,,,,,,,,,,,,0.5277777777777778,,,,,,,0.44166666666666665,0.7914628723877278
plutchik_wheel,41,0.6665098777046096,0.3438060467016847,0.4760227319350068,0.5420059183798466,0.0,0.0,,0.125,0.6179372197309417,0.2727272727272727,,0.12701092447277784,0.005278829422183814,0.4732420666581129,0.2483365809566154,,,,,,,,,,,,,0.5269645608628659,,,,,,,0.42724458204334365,0.7805747382490532
plutchik_wheel,42,0.6679209783631233,0.34578442347123756,0.475808975262776,0.5420059183798466,0.0,0.0,,0.13592233009708737,0.6228187919463087,0.27692307692307694,,0.119088105649308,0.007600469016320832,0.4717943646974126,0.2573427822643084,,,,,,,,,,,,,0.5352112676056338,,,,,,,0.4148148148148148,0.7805851063829787
plutchik_wheel,43,0.6735653809971778,0.34889312777244863,0.4837811478224812,0.5420059183798466,0.0,0.0,,0.12121212121212122,0.6257833482542524,0.2857142857142857,,0.12294976265928508,-0.0012874723168564972,0.4844449107277337,0.25761735815526543,,,,,,,,,,,,,0.5502318392581144,,,,,,,0.42332613390928725,0.7848772938315277
plutchik_wheel,44,0.6681561618062088,0.34955541264078466,0.4762541548915166,0.5420059183798466,0.0,0.0,,0.1414141414141414,0.6177260519247986,0.31746031746031744,,0.13052057752471935,0.008062406930046126,0.4719971813070023,0.25191491535533433,,,,,,,,,,,,,0.5296803652968036,,,,,,,0.40514469453376206,0.7850177304964538
plutchik_wheel,45,0.6669802445907808,0.3387480945818263,0.47244886504572725,0.5420059183798466,0.0,0.0,,0.10869565217391304,0.6203496190049306,0.2465753424657534,,0.11856272781808998,0.005216277113877121,0.469682582437405,0.24980265041287558,,,,,,,,,,,,,0.5412130637636081,,,,,,,0.4146868250539957,0.7784642541924095
plutchik_wheel,46,0.6714487300094073,0.34826838061495535,0.48256344468380324,0.5420059183798466,0.0,0.0,,0.14285714285714285,0.6278026905829597,0.273972602739726,,0.1195155241010909,0.0016594044305039055,0.4817033809778828,0.2598033954889719,,,,,,,,,,,,,0.5432098765432098,,,,,,,0.4139387539598733,0.784365978236731
plutchik_wheel,47,0.6655691439322672,0.3473779286156702,0.4741047931372744,0.5420059183798466,0.0,0.0,,0.13592233009708737,0.6135135135135135,0.28169014084507044,,0.1192965083898268,0.0020217026264546284,0.47303943558014877,0.2589764005691024,,,,,,,,,,,,,0.5443234836702955,,,,,,,0.42411642411642414,0.7794575366829702
