taxonomy,layer,accuracy,macro_f1,mcc,imbalance_entropy,Anger_f1,Disgust_f1,Enjoyment_f1,Fear_f1,Neutral_f1,Sadness_f1,Surprise_f1,control_macro_f1,control_mcc,normalized_mcc,normalized_macro_f1,Admiration_f1,Amusement_f1,Annoyance_f1,Approval_f1,Caring_f1,Confusion_f1,Curiosity_f1,Desire_f1,Disappointment_f1,Disapproval_f1,Embarrassment_f1,Excitement_f1,Gratitude_f1,Grief_f1,Joy_f1,Love_f1,Nervousness_f1,Optimism_f1,Pride_f1,Realization_f1,Relief_f1,Remorse_f1,Anticipation_f1,Trust_f1
ekman_basic_emotions,0,0.43881952326901247,0.35987851316880615,0.2817856950004735,0.7160115325254585,0.30328738069989397,0.18691588785046728,0.5082824760244115,0.33879781420765026,0.386046511627907,0.5341614906832298,0.2616580310880829,0.13325746979512684,0.0071741074450620305,0.2765959163783754,0.2614629321583107,,,,,,,,,,,,,,,,,,,,,,,,
ekman_basic_emotions,1,0.419750283768445,0.34683204720684857,0.2522790395066662,0.7160115325254585,0.26458333333333334,0.208955223880597,0.47053649956024624,0.31940575673166205,0.3960880195599022,0.5248,0.24345549738219896,0.1421877177773854,0.008158316654901214,0.2461287188782388,0.23856539906286284,,,,,,,,,,,,,,,,,,,,,,,,
ekman_basic_emotions,2,0.40817253121452896,0.32997159312432356,0.23109783338322248,0.7160115325254585,0.26624068157614483,0.1956521739130435,0.46358183376178236,0.272552783109405,0.37623762376237624,0.5142135186355022,0.2213225371120108,0.1403528376889515,0.005131636819803021,0.22713175423640544,0.2205774226318702,,,,,,,,,,,,,,,,,,,,,,,,
ekman_basic_emotions,3,0.42338251986379116,0.3322521841823653,0.24568645406611145,0.7160115325254585,0.2290249433106576,0.17894736842105263,0.47714410100130605,0.29343629343629346,0.3771712158808933,0.5448402948402948,0.225201072386059,0.13416505656902042,0.0010639976863302733,0.24488301133726562,0.2287816276256994,,,,,,,,,,,,,,,,,,,,,,,,
ekman_basic_emotions,4,0.4730987514188422,0.3771857348065168,0.311053333084854,0.7160115325254585,0.3258426966292135,0.2033898305084746,0.527681660899654,0.34749763928234184,0.39119804400978,0.5887792848335388,0.25591098748261476,0.13301339509508955,-0.0020704187183860447,0.31247679399988143,0.2816333474243326,,,,,,,,,,,,,,,,,,,,,,,,
ekman_basic_emotions,5,0.5021566401816118,0.40567463086289557,0.34332787441273926,0.7160115325254585,0.32790697674418606,0.2331288343558282,0.5638389031705227,0.3849129593810445,0.4376470588235294,0.606151990349819,0.2861356932153392,0.13485627927881252,-0.0008293885407223816,0.3438720594079141,0.31303278876985635,,,,,,,,,,,,,,,,,,,,,,,,
ekman_basic_emotions,6,0.530533484676504,0.42273369439490677,0.3797974395072489,0.7160115325254585,0.36798088410991636,0.24516129032258063,0.614853195164076,0.38446969696969696,0.4235294117647059,0.6353293413173653,0.2878120411160059,0.13425052103673174,0.0011007747912086645,0.37911398383243766,0.3332178423065672,,,,,,,,,,,,,,,,,,,,,,,,
ekman_basic_emotions,7,0.5318955732122588,0.4302216714766118,0.38372881007398296,0.7160115325254585,0.36444444444444446,0.24539877300613497,0.6126516464471404,0.42645607107601186,0.4292682926829268,0.6280542986425339,0.30527817403708984,0.13432423696849558,0.0012960914008736518,0.3829290296956427,0.3418109263818533,,,,,,,,,,,,,,,,,,,,,,,,
ekman_basic_emotions,8,0.5543700340522134,0.4442816400814314,0.40990428769686765,0.7160115325254585,0.38948626045400236,0.25149700598802394,0.6383161512027491,0.42178217821782177,0.43155452436194897,0.6543723973825104,0.32296296296296295,0.13771939038932782,0.0014459834649956007,0.4090497834551082,0.35552492573214567,,,,,,,,,,,,,,,,,,,,,,,,
ekman_basic_emotions,9,0.563677639046538,0.45556311118607856,0.42280318627768887,0.7160115325254585,0.41217798594847777,0.2485207100591716,0.6336206896551724,0.44574780058651026,0.4647887323943662,0.666865315852205,0.31722054380664655,0.13139681361100314,-0.003945239221156309,0.4250714170724186,0.3732041312474534,,,,,,,,,,,,,,,,,,,,,,,,
ekman_basic_emotions,10,0.5832009080590238,0.4644032590728092,0.445071991380994,0.7160115325254585,0.42720763723150357,0.22784810126582278,0.6538131962296486,0.456973293768546,0.43902439024390244,0.6876100998238402,0.35834609494640124,0.13065980983536635,-0.0072132464132198424,0.44904615721133906,0.38390431388457874,,,,,,,,,,,,,,,,,,,,,,,,
ekman_basic_emotions,11,0.5940976163450624,0.47701683640792375,0.45843921841769436,0.7160115325254585,0.4525,0.2222222222222222,0.6669509594882729,0.4666001994017946,0.47572815533980584,0.6912065439672802,0.36390977443609024,0.13251883651147237,-0.002078429503924024,0.4595624797049032,0.3971244730099633,,,,,,,,,,,,,,,,,,,,,,,,
ekman_basic_emotions,12,0.5863791146424517,0.47367037157584096,0.44800753939967913,0.7160115325254585,0.4176100628930818,0.26993865030674846,0.6576040781648258,0.4645669291338583,0.457002457002457,0.6861655454811348,0.3628048780487805,0.13318472459963074,-0.003293956943856986,0.44981980925934184,0.39280070003259326,,,,,,,,,,,,,,,,,,,,,,,,
ekman_basic_emotions,13,0.5986379114642452,0.48844194821672904,0.4669623696968308,0.7160115325254585,0.44552058111380144,0.2658959537572254,0.6802374893977947,0.4732510288065844,0.491725768321513,0.6913287955016277,0.3711340206185567,0.13696111302837236,0.006009711845557733,0.4637395992139232,0.40725955747103154,,,,,,,,,,,,,,,,,,,,,,,,
ekman_basic_emotions,14,0.5952326901248581,0.48800933712082134,0.4621454246180508,0.7160115325254585,0.42460796139927626,0.30120481927710846,0.675885911840968,0.48497409326424873,0.4764044943820225,0.6893517160457612,0.36363636363636365,0.13280094235029713,-0.0059080104251768295,0.4653044117278587,0.40960422135745383,,,,,,,,,,,,,,,,,,,,,,,,
ekman_basic_emotions,15,0.5820658342792282,0.4680256039989404,0.44372695802465584,0.7160115325254585,0.41379310344827586,0.2634730538922156,0.6592465753424658,0.48155737704918034,0.4375,0.6805514813728366,0.3400576368876081,0.1359675325997397,0.0027534964831060368,0.4421910329957647,0.3843120298457209,,,,,,,,,,,,,,,,,,,,,,,,
ekman_basic_emotions,16,0.588422247446084,0.48105796401883605,0.4520902975398638,0.7160115325254585,0.43640897755610975,0.2823529411764706,0.654950707243892,0.48893360160965793,0.48699763593380613,0.686400937866354,0.33136094674556216,0.13085033045999303,-0.006314689758833339,0.4555284663573334,0.40293133142901455,,,,,,,,,,,,,,,,,,,,,,,,
ekman_basic_emotions,17,0.5777525539160046,0.4647980011909287,0.43869025373321574,0.7160115325254585,0.40870616686819833,0.2641509433962264,0.6596283783783784,0.4822834645669291,0.4406779661016949,0.6704208654416123,0.327718223583461,0.13647834701311634,-0.0002393301959302876,0.43882455996123154,0.3802101001661846,,,,,,,,,,,,,,,,,,,,,,,,
ekman_basic_emotions,18,0.5595913734392736,0.4518882839052671,0.41650296083684835,0.7160115325254585,0.39135654261704683,0.2389937106918239,0.635593220338983,0.45454545454545453,0.44761904761904764,0.6529271206690561,0.3421828908554572,0.1348988283003413,0.0009790533358766745,0.4159311262576291,0.36641894147725934,,,,,,,,,,,,,,,,,,,,,,,,
ekman_basic_emotions,19,0.5593643586833145,0.45408905594881055,0.4169760260965285,0.7160115325254585,0.3909415971394517,0.2857142857142857,0.6346483704974271,0.4340770791075051,0.448512585812357,0.6630920464700626,0.3216374269005848,0.1369853424797358,-0.0011874729386005002,0.4176675301457488,0.3674372279843102,,,,,,,,,,,,,,,,,,,,,,,,
ekman_basic_emotions,20,0.5555051078320091,0.4561936732498319,0.4120366363365123,0.7160115325254585,0.3718104495747266,0.3023255813953488,0.6181661644425313,0.44642857142857145,0.4604651162790698,0.6613047363717605,0.3328550932568149,0.1364564902553216,0.0015423281882243664,0.4111284030733276,0.3702618100725997,,,,,,,,,,,,,,,,,,,,,,,,
ekman_basic_emotions,21,0.5491486946651533,0.459229088873274,0.4053328981762478,0.7160115325254585,0.3867141162514828,0.3508771929824561,0.6167023554603854,0.43222003929273084,0.4302600472813239,0.6453943407585792,0.3524355300859599,0.1344714834288466,-0.0006414674764818776,0.4057141132443337,0.3752130625701109,,,,,,,,,,,,,,,,,,,,,,,,
ekman_basic_emotions,22,0.5461975028376844,0.45013710951900227,0.4013945148811378,0.7160115325254585,0.38948626045400236,0.3218390804597701,0.6134598792062123,0.43343653250773995,0.4091954022988506,0.6474992512728361,0.33604336043360433,0.13769880561512202,0.0029082263513496207,0.39964855699451846,0.3623308258627172,,,,,,,,,,,,,,,,,,,,,,,,
ekman_basic_emotions,23,0.5284903518728717,0.4390202189851819,0.3786861184073867,0.7160115325254585,0.3632075471698113,0.327683615819209,0.5958173282116944,0.4259634888438134,0.42691415313225056,0.625,0.3085553997194951,0.13344680714030582,2.5702232888292695e-05,0.37867014884285183,0.35263087639947366,,,,,,,,,,,,,,,,,,,,,,,,
ekman_basic_emotions,24,0.5309875141884223,0.4339875643726853,0.38054367298835173,0.7160115325254585,0.34416365824308065,0.28901734104046245,0.6035998325659272,0.4134419551934827,0.4361948955916473,0.629193109700816,0.32230215827338127,0.133790840508592,-0.0008214855160279108,0.3810521296989803,0.3465637837867622,,,,,,,,,,,,,,,,,,,,,,,,
ekman_basic_emotions,25,0.5298524404086266,0.43357139154531765,0.37845984465229804,0.7160115325254585,0.36407185628742517,0.2905027932960894,0.6058798466126971,0.40752351097178685,0.4253393665158371,0.6244019138755981,0.31728045325779036,0.13645145940103723,0.0009401738961408434,0.37787493890972595,0.3440685939185262,,,,,,,,,,,,,,,,,,,,,,,,
ekman_basic_emotions,26,0.5366628830874007,0.4336632817585543,0.3880637997918412,0.7160115325254585,0.35121951219512193,0.26519337016574585,0.6117747440273038,0.4193216855087359,0.4429530201342282,0.6400958945160323,0.3050847457627119,0.13593379914653292,0.0013896023231635007,0.3872122685365936,0.34456790731768466,,,,,,,,,,,,,,,,,,,,,,,,
ekman_basic_emotions,27,0.5325766174801362,0.4389075854421537,0.3830329049356946,0.7160115325254585,0.3617021276595745,0.2874251497005988,0.5949421345906558,0.4211618257261411,0.449438202247191,0.6326836581709145,0.325,0.13197317779518233,-0.0041750056795792296,0.38559803662234093,0.3536001420639831,,,,,,,,,,,,,,,,,,,,,,,,
ekman_basic_emotions,28,0.5171396140749148,0.4200236739110438,0.36184309679014565,0.7160115325254585,0.34499396863691195,0.24858757062146894,0.5805340223944875,0.38509316770186336,0.43555555555555553,0.6195587358378056,0.3258426966292135,0.13585026979666934,-0.0009343483382137082,0.3624388010369064,0.3288474140326465,,,,,,,,,,,,,,,,,,,,,,,,
ekman_basic_emotions,29,0.5264472190692395,0.4291170110998378,0.3750860464168463,0.7160115325254585,0.3457382953181273,0.2777777777777778,0.5933592065545493,0.3917525773195876,0.4139433551198257,0.6299730780735866,0.35127478753541075,0.13795659453699735,0.004511311081404369,0.37225408933375137,0.3377560975673359,,,,,,,,,,,,,,,,,,,,,,,,
ekman_basic_emotions,30,0.5137343927355278,0.41555653671209514,0.3574975512037672,0.7160115325254585,0.334916864608076,0.26285714285714284,0.5846020008699434,0.38333333333333336,0.4044943820224719,0.6159334126040428,0.32275862068965516,0.13355952584091854,-0.001902955868327747,0.35871788277199984,0.32546611023090427,,,,,,,,,,,,,,,,,,,,,,,,
ekman_basic_emotions,31,0.5280363223609534,0.42816252069619,0.37769463852335,0.7160115325254585,0.367816091954023,0.26136363636363635,0.5959465286761535,0.41624365482233505,0.40189125295508277,0.629017723039952,0.3248587570621469,0.13647830841340336,0.002785217462816203,0.37595654178597615,0.33778446462283873,,,,,,,,,,,,,,,,,,,,,,,,
go_emotions,0,0.1889620713150125,0.15905648759412985,0.1479023256271612,0.8517989576111261,0.23553719008264462,0.046511627906976744,,0.23348017621145375,0.25225225225225223,0.19769673704414586,0.18013856812933027,0.02957050707953106,-0.0012333370515056406,0.14895195471402387,0.13343162121435104,0.1994750656167979,0.1276595744680851,0.05970149253731343,0.09523809523809523,0.306368330464716,0.07655502392344497,0.16877637130801687,0.10062893081761007,0.13691931540342298,0.32,0.14516129032258066,0.11072664359861592,0.22839506172839505,0.2763337893296854,0.12359550561797752,0.16379310344827586,0.09352517985611511,0.012738853503184714,0.23529411764705882,0.022988505747126436,0.11149825783972125,0.1925925925925926,,
go_emotions,1,0.18124006359300476,0.1539288198372169,0.1342511691193358,0.8517989576111261,0.2072936660268714,0.06557377049180328,,0.2318271119842829,0.23655913978494625,0.1993006993006993,0.12009237875288684,0.03363924422512402,-0.0012258710300142434,0.1353111661107774,0.12447688391033505,0.20580474934036938,0.11290322580645161,0.05555555555555555,0.21052631578947367,0.3122923588039867,0.10695187165775401,0.17307692307692307,0.05042016806722689,0.13488372093023257,0.33962264150943394,0.1276595744680851,0.05536332179930796,0.2303370786516854,0.2546419098143236,0.13506493506493505,0.15023474178403756,0.11920529801324503,0.08196721311475409,0.19184652278177458,0.0,0.0842911877394636,0.11671087533156499,,
go_emotions,2,0.1782875312287077,0.1475573684068079,0.12676544429049877,0.8517989576111261,0.19424460431654678,0.0392156862745098,,0.18404907975460122,0.25,0.2333065164923572,0.14505494505494507,0.0354789817950697,0.001575669736375757,0.12538734359675296,0.11620108270976534,0.21483375959079284,0.18867924528301888,0.038461538461538464,0.2,0.30359937402190923,0.10638297872340426,0.18719211822660098,0.018867924528301886,0.14798206278026907,0.3645833333333333,0.11904761904761904,0.09811320754716982,0.1987179487179487,0.24195624195624196,0.12437810945273632,0.058823529411764705,0.053156146179401995,0.0380952380952381,0.1691542288557214,0.07272727272727272,0.040983606557377046,0.1,,
go_emotions,3,0.19236883942766295,0.15882885327030277,0.1394357628721317,0.8517989576111261,0.20912547528517111,0.08,,0.2125984251968504,0.26804123711340205,0.24024483550114767,0.1415929203539823,0.036212806590205725,0.0023125995427376827,0.13744100934475809,0.12722315415531957,0.21994884910485935,0.19607843137254902,0.041666666666666664,0.1935483870967742,0.29141104294478526,0.04878048780487805,0.1568627450980392,0.024390243902439025,0.13963963963963963,0.37373737373737376,0.18666666666666668,0.127208480565371,0.2054380664652568,0.2743589743589744,0.15625,0.1092896174863388,0.06338028169014084,0.06,0.19158878504672897,0.037037037037037035,0.05668016194331984,0.141643059490085,,
go_emotions,4,0.22325687031569386,0.1839550755847923,0.17130946543283748,0.8517989576111261,0.27703984819734345,0.041666666666666664,,0.25925925925925924,0.2653061224489796,0.29508196721311475,0.18518518518518517,0.035818045968242965,0.0007310844103810492,0.17070317945575902,0.15364011844145156,0.25125628140703515,0.25263157894736843,0.0851063829787234,0.32,0.3235294117647059,0.11173184357541899,0.21890547263681592,0.07792207792207792,0.12669683257918551,0.37037037037037035,0.1518987341772152,0.18770226537216828,0.19939577039274925,0.29935483870967744,0.15303430079155672,0.09090909090909091,0.07801418439716312,0.017857142857142856,0.21728395061728395,0.046511627906976744,0.088,0.1590909090909091,,
go_emotions,5,0.24029071087894618,0.1966013931880013,0.18824480658863163,0.8517989576111261,0.30393996247654786,0.15,,0.312,0.3409090909090909,0.3011527377521614,0.18344519015659955,0.03287327833965118,-0.001327994426975403,0.18932138327371226,0.16929334200099871,0.2789473684210526,0.2916666666666667,0.06521739130434782,0.1935483870967742,0.36666666666666664,0.09195402298850575,0.273972602739726,0.023809523809523808,0.1580135440180587,0.3684210526315789,0.17142857142857143,0.16233766233766234,0.2057877813504823,0.31794871794871793,0.15469613259668508,0.14893617021276595,0.07801418439716312,0.04040404040404041,0.22871046228710462,0.04,0.100418410041841,0.15249266862170088,,
go_emotions,6,0.2754939813763343,0.2276791542869858,0.2251154868768074,0.8517989576111261,0.30210325047801145,0.2608695652173913,,0.33663366336633666,0.29473684210526313,0.3486888731396173,0.23582766439909297,0.03424604243287599,0.00020265912608085965,0.22495841762704738,0.20029233153897313,0.23622047244094488,0.32967032967032966,0.12,0.18181818181818182,0.36335877862595417,0.11976047904191617,0.30275229357798167,0.0,0.23318385650224216,0.42391304347826086,0.23376623376623376,0.1643835616438356,0.3106796116504854,0.37392373923739236,0.18911174785100288,0.1708542713567839,0.0989399293286219,0.08421052631578947,0.32019704433497537,0.047619047619047616,0.1276595744680851,0.1641337386018237,,
go_emotions,7,0.29002952532364296,0.24052076681717896,0.24166758681962094,0.8517989576111261,0.3191919191919192,0.2553191489361702,,0.3727454909819639,0.3917525773195876,0.35123367198838895,0.2412280701754386,0.03762524951371212,0.002101185306200169,0.24007083482400016,0.2108279723682939,0.25692695214105793,0.2857142857142857,0.0898876404494382,0.1875,0.4,0.1301775147928994,0.2643171806167401,0.07692307692307693,0.2445414847161572,0.3894736842105263,0.22535211267605634,0.16382252559726962,0.343042071197411,0.3925,0.20512820512820512,0.1935483870967742,0.15162454873646208,0.07920792079207921,0.30917874396135264,0.037037037037037035,0.16733067729083664,0.20987654320987653,,
go_emotions,8,0.3200090847149671,0.2646261972083191,0.27247109002837483,0.8517989576111261,0.3327239488117002,0.19047619047619047,,0.4315352697095436,0.36893203883495146,0.38309859154929576,0.25287356321839083,0.035823931082099664,-0.0018222859869615946,0.2737944442362967,0.2373034070250316,0.2695417789757412,0.38095238095238093,0.1568627450980392,0.2222222222222222,0.4247787610619469,0.12345679012345678,0.35406698564593303,0.025974025974025976,0.29594272076372313,0.43781094527363185,0.26865671641791045,0.2214765100671141,0.3217665615141956,0.4124223602484472,0.23631123919308358,0.3,0.1079136690647482,0.07692307692307693,0.354916067146283,0.0,0.21238938053097345,0.24550898203592814,,
go_emotions,9,0.3275039745627981,0.27944838978460873,0.28061693684992384,0.8517989576111261,0.3191919191919192,0.375,,0.4490644490644491,0.3302752293577982,0.3994393833216538,0.25,0.03230524968490348,-0.002843017784017469,0.28265635758256846,0.2553936972575614,0.2992125984251969,0.35294117647058826,0.26666666666666666,0.1935483870967742,0.41219158200290273,0.15286624203821655,0.2895927601809955,0.07142857142857142,0.2757009345794392,0.49056603773584906,0.32,0.24150943396226415,0.3653250773993808,0.4055766793409379,0.23837209302325582,0.22727272727272727,0.1625441696113074,0.0392156862745098,0.3548387096774194,0.0425531914893617,0.2636363636363636,0.2360248447204969,,
go_emotions,10,0.34908017260958435,0.2967042004753924,0.3030601080915345,0.8517989576111261,0.390057361376673,0.36363636363636365,,0.4592274678111588,0.36538461538461536,0.41217150760719223,0.2937365010799136,0.03580958543223616,1.7036161957417137e-05,0.3030482347083845,0.27058412021251266,0.28651685393258425,0.3,0.24742268041237114,0.2222222222222222,0.41040462427745666,0.2155688622754491,0.28708133971291866,0.04395604395604396,0.3051643192488263,0.4880382775119617,0.3,0.2913907284768212,0.3778501628664495,0.44,0.281767955801105,0.27218934911242604,0.1647940074906367,0.16494845360824742,0.375,0.0,0.27467811158798283,0.27450980392156865,,
go_emotions,11,0.36384283443106974,0.3117867916728102,0.31892351311378403,0.8517989576111261,0.41392649903288203,0.3829787234042553,,0.4803312629399586,0.38095238095238093,0.44182825484764543,0.27927927927927926,0.03353653976657841,-0.0024527066338303036,0.32058990675657345,0.2879056098396399,0.3379501385041551,0.34615384615384615,0.2727272727272727,0.24,0.4111600587371512,0.22077922077922077,0.30414746543778803,0.0975609756097561,0.328159645232816,0.47393364928909953,0.38095238095238093,0.2408026755852843,0.38390092879256965,0.4628930817610063,0.2677165354330709,0.29239766081871343,0.17582417582417584,0.1782178217821782,0.3950617283950617,0.0,0.26976744186046514,0.2706270627062706,,
go_emotions,12,0.36066318419259596,0.3127745581604378,0.3155793195961132,0.8517989576111261,0.40535372848948376,0.4090909090909091,,0.469601677148847,0.3434343434343434,0.41498959056210966,0.28634361233480177,0.03441481344762731,0.001594145626420593,0.31448651126619587,0.2882808773265211,0.35543766578249336,0.41304347826086957,0.2653061224489796,0.24,0.4574780058651026,0.21978021978021978,0.3130434782608696,0.07317073170731707,0.29082774049217003,0.4716981132075472,0.325,0.2765957446808511,0.38064516129032255,0.46134347275031684,0.26842105263157895,0.2875,0.17647058823529413,0.22916666666666666,0.3627684964200477,0.0,0.31627906976744186,0.24489795918367346,,
go_emotions,13,0.3624801271860095,0.3094102442223136,0.3173631873408121,0.8517989576111261,0.41568627450980394,0.425531914893617,,0.42650103519668736,0.40404040404040403,0.44123711340206184,0.2863741339491917,0.03342803147376906,-0.003571470030751252,0.31979252794196045,0.2855268120069167,0.350253807106599,0.4329896907216495,0.25263157894736843,0.2,0.4314868804664723,0.19753086419753085,0.36771300448430494,0.02666666666666667,0.3094170403587444,0.44976076555023925,0.35,0.2695035460992908,0.31333333333333335,0.4670967741935484,0.33066666666666666,0.22988505747126436,0.18374558303886926,0.15730337078651685,0.343980343980344,0.0,0.3162393162393162,0.28391167192429023,,
go_emotions,14,0.35771065182829886,0.3049576221703391,0.31153021270539144,0.8517989576111261,0.40076335877862596,0.2857142857142857,,0.4024896265560166,0.3883495145631068,0.4287652645861601,0.2681818181818182,0.0362407155078985,0.0021011560751281835,0.3100805843338156,0.27882160098105174,0.35543766578249336,0.4421052631578947,0.28865979381443296,0.1875,0.44250363901018924,0.1761006289308176,0.34977578475336324,0.06593406593406594,0.3212669683257919,0.47,0.3287671232876712,0.25263157894736843,0.3277591973244147,0.43742098609355246,0.32105263157894737,0.24539877300613497,0.18587360594795538,0.20512820512820512,0.3665893271461717,0.0,0.3257918552036199,0.26885245901639343,,
go_emotions,15,0.35112423347717464,0.29861716745219774,0.30547101753105527,0.8517989576111261,0.4090909090909091,0.2608695652173913,,0.44536082474226807,0.33962264150943394,0.41292134831460675,0.28874734607218683,0.03686834663742094,-0.0011369362252728315,0.30625975594545046,0.27176847516217933,0.3395225464190981,0.391304347826087,0.2828282828282828,0.21428571428571427,0.4418262150220913,0.2261904761904762,0.34418604651162793,0.047058823529411764,0.30484988452655887,0.48756218905472637,0.34210526315789475,0.3469387755102041,0.31511254019292606,0.4298136645962733,0.2649350649350649,0.22641509433962265,0.17647058823529413,0.16666666666666666,0.30392156862745096,0.0,0.27230046948356806,0.2803738317757009,,
go_emotions,16,0.3670224846695435,0.31648606344270475,0.32261504144961967,0.8517989576111261,0.41825095057034223,0.43478260869565216,,0.469601677148847,0.3106796116504854,0.43375174337517436,0.28507795100222716,0.03309133059925575,-0.0034844380044812087,0.32496715156099376,0.29309358971730703,0.3485254691689008,0.4854368932038835,0.26,0.21428571428571427,0.46015037593984964,0.2236024844720497,0.36036036036036034,0.09411764705882353,0.3412322274881517,0.45226130653266333,0.4222222222222222,0.28378378378378377,0.35443037974683544,0.4769038701622971,0.27882037533512066,0.18518518518518517,0.1811320754716981,0.11235955056179775,0.3464203233256351,0.09523809523809523,0.24107142857142858,0.2919254658385093,,
go_emotions,17,0.3465818759936407,0.29970153597251814,0.3010109802072132,0.8517989576111261,0.4053030303030303,0.3333333333333333,,0.4025423728813559,0.2956521739130435,0.4002808988764045,0.27293064876957496,0.03530330104256368,0.0018800699089854633,0.2996943566400394,0.27407395009819563,0.31521739130434784,0.34615384615384615,0.27956989247311825,0.23076923076923078,0.43004418262150224,0.1875,0.36363636363636365,0.046511627906976744,0.3185011709601874,0.4623115577889447,0.34782608695652173,0.268370607028754,0.34674922600619196,0.45721583652618136,0.2717391304347826,0.23863636363636365,0.20610687022900764,0.13861386138613863,0.3364485981308411,0.14285714285714285,0.25688073394495414,0.28994082840236685,,
go_emotions,18,0.33136497842380197,0.27837737825470543,0.28382404598175975,0.8517989576111261,0.3787878787878788,0.3404255319148936,,0.40585774058577406,0.2727272727272727,0.41421736158578265,0.2631578947368421,0.03531093927952927,0.0019362116954114983,0.28243468763173074,0.2519635070741279,0.29427792915531337,0.30612244897959184,0.21153846153846154,0.25,0.4,0.20987654320987653,0.3106796116504854,0.07692307692307693,0.30198019801980197,0.4020100502512563,0.25316455696202533,0.25,0.3559870550161812,0.42027194066749074,0.24793388429752067,0.25287356321839083,0.1684981684981685,0.09090909090909091,0.3317307692307692,0.09523809523809523,0.22026431718061673,0.2691131498470948,,
go_emotions,19,0.32137179196002724,0.2683157826219524,0.2739261125352245,0.8517989576111261,0.35074626865671643,0.2727272727272727,,0.4166666666666667,0.24778761061946902,0.3977512297962052,0.26200873362445415,0.0341728246530184,-0.0007098918748926755,0.27444118084569885,0.24242738654026394,0.29508196721311475,0.2708333333333333,0.23404255319148937,0.25,0.4059701492537313,0.2125,0.2731707317073171,0.0449438202247191,0.3094688221709007,0.38461538461538464,0.3409090909090909,0.24324324324324326,0.36893203883495146,0.4163568773234201,0.21652421652421652,0.1893491124260355,0.1386861313868613,0.12121212121212122,0.3333333333333333,0.09523809523809523,0.18099547511312217,0.23974763406940064,,
go_emotions,20,0.3200090847149671,0.26710307859708365,0.2727681361305287,0.8517989576111261,0.3816793893129771,0.32,,0.39662447257383965,0.2702702702702703,0.3929577464788732,0.25663716814159293,0.035459214504751126,0.0002705967341209385,0.27257129629900134,0.2401597398220892,0.2793017456359102,0.3300970873786408,0.17204301075268819,0.23529411764705882,0.4116788321167883,0.12345679012345678,0.30392156862745096,0.06521739130434782,0.28992628992628994,0.4251207729468599,0.225,0.2517482517482518,0.34810126582278483,0.4240102171136654,0.22888283378746593,0.23952095808383234,0.14388489208633093,0.12903225806451613,0.3062200956937799,0.09090909090909091,0.1825726141078838,0.25477707006369427,,
go_emotions,21,0.3081989552577788,0.259421081064539,0.26076136973540964,0.8517989576111261,0.3359073359073359,0.34615384615384615,,0.4121212121212121,0.27586206896551724,0.37625178826895567,0.2645739910313901,0.03617696708244827,-0.0009564500820346735,0.2614677389770503,0.23162355158323722,0.2739018087855297,0.32432432432432434,0.21505376344086022,0.19047619047619047,0.3805309734513274,0.14457831325301204,0.2559241706161137,0.04819277108433735,0.2630272952853598,0.3813953488372093,0.27848101265822783,0.24444444444444444,0.32335329341317365,0.4120603015075377,0.21468926553672316,0.21301775147928995,0.1276595744680851,0.12121212121212122,0.31143552311435524,0.08333333333333333,0.1518987341772152,0.2939297124600639,,
go_emotions,22,0.31160572337042924,0.2610919470925027,0.2646826902030795,0.8517989576111261,0.36750483558994196,0.34615384615384615,,0.4288659793814433,0.2608695652173913,0.36962750716332377,0.26605504587155965,0.03599756040568928,0.0003910350407651528,0.2643950428886884,0.23349981020954866,0.302158273381295,0.3364485981308411,0.25263157894736843,0.1702127659574468,0.37735849056603776,0.19161676646706588,0.22439024390243903,0.06315789473684211,0.2619647355163728,0.4090909090909091,0.21951219512195122,0.26022304832713755,0.30246913580246915,0.422680412371134,0.24929178470254956,0.21714285714285714,0.11552346570397112,0.061224489795918366,0.28641975308641976,0.08163265306122448,0.17543859649122806,0.2909090909090909,,
go_emotions,23,0.30638201226436523,0.2549875222664861,0.258166334873789,0.8517989576111261,0.3516068052930057,0.32653061224489793,,0.41295546558704455,0.2857142857142857,0.3775438596491228,0.26730310262529833,0.03604455631483766,0.0003560079538124817,0.25790214213388146,0.22712975727865428,0.2907268170426065,0.26785714285714285,0.1839080459770115,0.18604651162790697,0.3604135893648449,0.14201183431952663,0.24390243902439024,0.14285714285714285,0.22,0.4,0.225,0.23943661971830985,0.3273809523809524,0.416141235813367,0.25936599423631124,0.19047619047619047,0.12014134275618374,0.08695652173913043,0.2885572139303483,0.08333333333333333,0.18502202643171806,0.25846153846153846,,
go_emotions,24,0.30297524415171473,0.25405326598040817,0.2557655697006025,0.8517989576111261,0.3800383877159309,0.3018867924528302,,0.4168336673346693,0.24299065420560748,0.3530269876002918,0.25675675675675674,0.034849274690227715,-5.666094178265639e-05,0.2558077363351291,0.22711892095384925,0.2819843342036554,0.2857142857142857,0.22857142857142856,0.22727272727272727,0.3565217391304348,0.13953488372093023,0.2535211267605634,0.08888888888888889,0.20408163265306123,0.39805825242718446,0.24096385542168675,0.22996515679442509,0.3072289156626506,0.42983565107458915,0.25139664804469275,0.14942528735632185,0.15441176470588236,0.14893617021276595,0.3142857142857143,0.043478260869565216,0.1702127659574468,0.25766871165644173,,
go_emotions,25,0.30138541903247784,0.2508316102313109,0.253547433138948,0.8517989576111261,0.3757115749525617,0.3333333333333333,,0.3943089430894309,0.2692307692307692,0.3637670740474479,0.25,0.03286888082557255,-0.0022206166010114406,0.2552013453957731,0.22537040230056704,0.3057644110275689,0.2692307692307692,0.25,0.18604651162790697,0.35431918008784774,0.12195121951219512,0.2403846153846154,0.06593406593406594,0.22388059701492538,0.4075829383886256,0.2716049382716049,0.23776223776223776,0.3119266055045872,0.4371029224904701,0.24649859943977592,0.11976047904191617,0.12408759124087591,0.14285714285714285,0.28361858190709044,0.045454545454545456,0.17391304347826086,0.21725239616613418,,
go_emotions,26,0.2959345900522371,0.24313533690670314,0.2480085339563533,0.8517989576111261,0.36594202898550726,0.27450980392156865,,0.3976143141153082,0.25925925925925924,0.36823104693140796,0.21867881548974943,0.033111521815492116,-0.0021811213221789682,0.2496451489212416,0.2172161731470472,0.29797979797979796,0.205607476635514,0.26804123711340205,0.18604651162790697,0.3387815750371471,0.13414634146341464,0.22330097087378642,0.07058823529411765,0.22885572139303484,0.4,0.30952380952380953,0.19243986254295534,0.3111111111111111,0.42547770700636944,0.25360230547550433,0.1452513966480447,0.12030075187969924,0.15384615384615385,0.2912621359223301,0.0,0.15517241379310345,0.21221864951768488,,
go_emotions,27,0.2927549398137633,0.23975699455444946,0.2443251828705137,0.8517989576111261,0.3510054844606947,0.2916666666666667,,0.39363817097415504,0.2542372881355932,0.35959885386819485,0.20270270270270271,0.034988928966822715,-0.001688690184778353,0.24559913221133667,0.21219245222585303,0.2918918918918919,0.23157894736842105,0.22641509433962265,0.2,0.3398496240601504,0.13414634146341464,0.19,0.08333333333333333,0.25790754257907544,0.4088888888888889,0.26506024096385544,0.2152777777777778,0.28484848484848485,0.42493638676844786,0.24,0.18604651162790697,0.13090909090909092,0.08602150537634409,0.3054892601431981,0.0,0.16216216216216217,0.19558359621451105,,
go_emotions,28,0.29320917556211673,0.23481095901290847,0.24427996815571312,0.8517989576111261,0.38022813688212925,0.25925925925925924,,0.3889980353634578,0.25,0.3749119097956307,0.20861678004535147,0.03515669191189826,-0.0025689358282139432,0.24621638987847475,0.20692921371516562,0.3027027027027027,0.27450980392156865,0.23300970873786409,0.18604651162790697,0.32786885245901637,0.11764705882352941,0.21875,0.02197802197802198,0.22167487684729065,0.4125560538116592,0.20512820512820512,0.21262458471760798,0.26332288401253917,0.4207858048162231,0.2287390029325513,0.14634146341463414,0.1347517730496454,0.08888888888888889,0.3073170731707317,0.0,0.1762114537444934,0.2118380062305296,,
go_emotions,29,0.30138541903247784,0.2460985430371936,0.25357901116193116,0.8517989576111261,0.34951456310679613,0.24489795918367346,,0.3878787878787879,0.2698412698412698,0.3985714285714286,0.21621621621621623,0.03730563454714411,0.0029744747700614807,0.25135217710105684,0.21688390000270993,0.31382978723404253,0.26262626262626265,0.2376237623762376,0.18181818181818182,0.3601190476190476,0.12941176470588237,0.22448979591836735,0.08080808080808081,0.21182266009852216,0.4339622641509434,0.30952380952380953,0.20134228187919462,0.2822085889570552,0.41854636591478694,0.23054755043227665,0.15568862275449102,0.12857142857142856,0.1414141414141414,0.31784841075794623,0.0,0.14847161572052403,0.25316455696202533,,
go_emotions,30,0.3025210084033613,0.24864323187688026,0.2545850284197811,0.8517989576111261,0.3639921722113503,0.24,,0.40080160320641284,0.2882882882882883,0.37635183850036047,0.2422907488986784,0.03377787927825129,-0.0018304084668621537,0.2559469494233512,0.2223767682301962,0.2857142857142857,0.3,0.21428571428571427,0.2,0.36627906976744184,0.1509433962264151,0.233502538071066,0.04395604395604396,0.22014051522248243,0.4563106796116505,0.2962962962962963,0.1836734693877551,0.27586206896551724,0.4317073170731707,0.24347826086956523,0.16666666666666666,0.10884353741496598,0.1188118811881188,0.32142857142857145,0.0,0.22026431718061673,0.21212121212121213,,
go_emotions,31,0.3000227117874177,0.24752866357991613,0.2527490915856549,0.8517989576111261,0.3838771593090211,0.2857142857142857,,0.3731656184486373,0.27522935779816515,0.3678832116788321,0.21524663677130046,0.0356478734231924,-0.0012808858531437033,0.25370501028025894,0.2197130947477079,0.2804232804232804,0.35714285714285715,0.1782178217821782,0.1935483870967742,0.37518463810930575,0.09815950920245399,0.25742574257425743,0.047619047619047616,0.22695035460992907,0.43601895734597157,0.21951219512195122,0.1848184818481848,0.2822822822822823,0.42091836734693877,0.23529411764705882,0.1951219512195122,0.12121212121212122,0.12,0.358974358974359,0.0,0.18699186991869918,0.25386996904024767,,
plutchik_wheel,0,0.3738933030646992,0.29279186396008366,0.23948833622040797,0.8213812547662518,0.2982062780269058,0.14965986394557823,,0.3560606060606061,0.20512820512820512,0.5111576011157601,0.219435736677116,0.09703909141338489,-0.0015583160345912462,0.24067160982633592,0.21678986397440644,,,,,,,,,,,,,,,0.36783124588002636,,,,,,,,0.1946564885496183,0.3329907502569373
plutchik_wheel,1,0.36254256526674233,0.2639265693339981,0.22145443928259118,0.8213812547662518,0.25863991081382387,0.0594059405940594,,0.3151183970856102,0.16993464052287582,0.5135135135135135,0.1853035143769968,0.10594525761997277,-4.820032781551892e-06,0.22145819187962812,0.1767020566251566,,,,,,,,,,,,,,,0.3733850129198966,,,,,,,,0.1862348178137652,0.3138033763654419
plutchik_wheel,2,0.3514188422247446,0.2614907766480894,0.20432672625639595,0.8213812547662518,0.24691358024691357,0.08695652173913043,,0.3095022624434389,0.2302158273381295,0.4955631399317406,0.1467304625199362,0.10667109884034587,-3.5987165914224545e-05,0.2043553592520913,0.17330646932699476,,,,,,,,,,,,,,,0.3697916666666667,,,,,,,,0.17012448132780084,0.2976190476190476
plutchik_wheel,3,0.3616345062429058,0.26232293485934577,0.21625089559958632,0.8213812547662518,0.28832951945080093,0.10101010101010101,,0.3239819004524887,0.14705882352941177,0.5218866644044792,0.17520661157024794,0.10105624769782884,-0.0052419359103867144,0.22033783470183263,0.1793957483418926,,,,,,,,,,,,,,,0.342819324950364,,,,,,,,0.17269076305220885,0.28792270531400965
plutchik_wheel,4,0.40340522133938705,0.3080763233015051,0.2622902252788552,0.8213812547662518,0.32304038004750596,0.136986301369863,,0.3405456255879586,0.2677165354330709,0.5594961882664898,0.1890547263681592,0.10521725932650274,-0.0021518806918442786,0.2638742800024878,0.2267132061826669,,,,,,,,,,,,,,,0.40516129032258064,,,,,,,,0.2315369261477046,0.3191489361702128
plutchik_wheel,5,0.4340522133938706,0.316207336668368,0.296319809522217,0.8213812547662518,0.330654420206659,0.10256410256410256,,0.391425908667288,0.21138211382113822,0.5863976570126912,0.23367697594501718,0.10477715913940333,-0.0012234859144426432,0.29717970025933405,0.2361760311273027,,,,,,,,,,,,,,,0.46153846153846156,,,,,,,,0.18666666666666668,0.3415597235932873
plutchik_wheel,6,0.459477866061294,0.3409451454144673,0.32706975556300627,0.8213812547662518,0.3769889840881273,0.10309278350515463,,0.3760523854069224,0.2553191489361702,0.6144890038809832,0.25,0.10793606303213467,0.001008593435288234,0.3263903572994316,0.26120222186577,,,,,,,,,,,,,,,0.4996796925048046,,,,,,,,0.23476297968397292,0.35812133072407043
plutchik_wheel,7,0.46583427922814985,0.3519960998172102,0.3339807178316702,0.8213812547662518,0.36982968369829683,0.16091954022988506,,0.4169811320754717,0.23776223776223776,0.6110215920077344,0.27796610169491526,0.11186615384982541,0.006462388019580013,0.3296486472809494,0.2703758527031535,,,,,,,,,,,,,,,0.4845034788108792,,,,,,,,0.2169811320754717,0.392
plutchik_wheel,8,0.5060158910329171,0.3856075223881169,0.38186274680078897,0.8213812547662518,0.44096385542168676,0.2127659574468085,,0.4448705656759348,0.2463768115942029,0.653968253968254,0.279491833030853,0.1026814849432045,-0.006861266959384351,0.3860750497772937,0.31530168239870177,,,,,,,,,,,,,,,0.5372750642673522,,,,,,,,0.24299065420560748,0.4117647058823529
plutchik_wheel,9,0.5087400681044267,0.3853597927281441,0.3850731464942497,0.8213812547662518,0.4378698224852071,0.16091954022988506,,0.44170616113744077,0.26666666666666666,0.6616161616161617,0.3356401384083045,0.10405968458110816,-0.0005771020834622692,0.38542781738127696,0.3139719279353063,,,,,,,,,,,,,,,0.5363276089828269,,,,,,,,0.23113207547169812,0.39635995955510617
plutchik_wheel,10,0.5307604994324631,0.4108151860096456,0.4102181498003455,0.8213812547662518,0.45320197044334976,0.2127659574468085,,0.49116279069767443,0.28187919463087246,0.6733229329173167,0.33756805807622503,0.1061399118384126,0.000582377609725692,0.40987447390702136,0.3408534268465463,,,,,,,,,,,,,,,0.5554106910039114,,,,,,,,0.27450980392156865,0.4175152749490835
plutchik_wheel,11,0.5380249716231555,0.416783916457827,0.41793307855298084,0.8213812547662518,0.43719806763285024,0.21176470588235294,,0.5131086142322098,0.30666666666666664,0.6855733662145499,0.3626760563380282,0.10854023013387253,0.005960460118678471,0.41444288874413165,0.34577408509443347,,,,,,,,,,,,,,,0.5502008032128514,,,,,,,,0.263681592039801,0.42018537590113286
plutchik_wheel,12,0.5259931895573212,0.4131502332560377,0.4074686019406349,0.8213812547662518,0.46026097271648875,0.24175824175824176,,0.491324200913242,0.32432432432432434,0.673670805475963,0.3374340949033392,0.10257772323177394,-0.0072190226247076964,0.4117154414783687,0.3460717636102031,,,,,,,,,,,,,,,0.5326370757180157,,,,,,,,0.2340966921119593,0.4228456913827655
plutchik_wheel,13,0.5414301929625426,0.41670498671632294,0.42494006078075214,0.8213812547662518,0.48959608323133413,0.16,,0.49710982658959535,0.3157894736842105,0.6850172036284016,0.30952380952380953,0.10555039348703164,0.004942813041284316,0.422083527704718,0.3478726928421763,,,,,,,,,,,,,,,0.5653333333333334,,,,,,,,0.27450980392156865,0.4534653465346535
plutchik_wheel,14,0.5350737797956867,0.4152160034715784,0.415895555161149,0.8213812547662518,0.4777911164465786,0.2222222222222222,,0.48347497639282344,0.2802547770700637,0.6776807980049875,0.322463768115942,0.1030156721006739,-0.0022272911986131096,0.4171936346491905,0.34805550293398724,,,,,,,,,,,,,,,0.5588822355289421,,,,,,,,0.28361858190709044,0.4305555555555556
plutchik_wheel,15,0.5248581157775255,0.4081219425019496,0.40432227804917403,0.8213812547662518,0.45554202192448234,0.26262626262626265,,0.49763481551561023,0.2702702702702703,0.6723057644110275,0.3244206773618538,0.10797339261241778,0.007317784896120556,0.39993110293761924,0.33647936889299357,,,,,,,,,,,,,,,0.5463024650233178,,,,,,,,0.23394495412844038,0.4100502512562814
plutchik_wheel,16,0.5391600454029511,0.4214728111571092,0.4228967818806713,0.8213812547662518,0.48058252427184467,0.2631578947368421,,0.5148698884758365,0.25333333333333335,0.6799116997792495,0.3409490333919156,0.110455428816512,0.005074411726024003,0.4199533865437082,0.34963664825339386,,,,,,,,,,,,,,,0.5610079575596817,,,,,,,,0.27314814814814814,0.4262948207171315
plutchik_wheel,17,0.5089670828603859,0.39462870786261556,0.3852283948785671,0.8213812547662518,0.41586538461538464,0.21505376344086022,,0.47201492537313433,0.2589928057553957,0.6565656565656566,0.33868092691622104,0.10252430586662493,-0.003094030128966805,0.38712464967776516,0.32547332914464494,,,,,,,,,,,,,,,0.5223684210526316,,,,,,,,0.27415730337078653,0.3979591836734694
plutchik_wheel,18,0.5085130533484676,0.4003495628558435,0.3848165674511043,0.8213812547662518,0.4161712247324614,0.28888888888888886,,0.47114474929044464,0.2896551724137931,0.6530872056015277,0.29484902309058614,0.10344661916569707,-0.002949948040709857,0.38662598891333183,0.3311603637185087,,,,,,,,,,,,,,,0.5403022670025189,,,,,,,,0.2595419847328244,0.3895055499495459
plutchik_wheel,19,0.5060158910329171,0.39182649619608745,0.38181792529565856,0.8213812547662518,0.43552311435523117,0.27722772277227725,,0.45343367826904984,0.2054794520547945,0.6529579247073711,0.28771929824561404,0.10634038170032017,0.005783593732849673,0.37822181286934703,0.3194573287746256,,,,,,,,,,,,,,,0.5352480417754569,,,,,,,,0.28368794326241137,0.3951612903225806
plutchik_wheel,20,0.4923950056753689,0.38048075884078086,0.36666464048944786,0.8213812547662518,0.4132841328413284,0.24,,0.44026340545625586,0.21897810218978103,0.640764331210191,0.27906976744186046,0.11122780876820763,0.004276432576611123,0.36394459242396,0.3029493414948127,,,,,,,,,,,,,,,0.5227882037533512,,,,,,,,0.2824601366742597,0.38671875
plutchik_wheel,21,0.4953461975028377,0.37833384794505054,0.36750411938772054,0.8213812547662518,0.4257907542579075,0.2,,0.4397705544933078,0.22535211267605634,0.644674835061263,0.303236797274276,0.10657491481115174,-0.00037179800481241393,0.36773919269439787,0.3041765198214192,,,,,,,,,,,,,,,0.5072655217965654,,,,,,,,0.26570048309178745,0.3932135728542914
plutchik_wheel,22,0.48671963677639046,0.3687684869610865,0.35742478749577045,0.8213812547662518,0.37910085054678005,0.22448979591836735,,0.41682974559686886,0.2054794520547945,0.6416166719292706,0.27843803056027167,0.10567390923695426,0.0018355571788130178,0.35624313496073745,0.29418193256517655,,,,,,,,,,,,,,,0.5163826998689384,,,,,,,,0.2623762376237624,0.39420289855072466
plutchik_wheel,23,0.4837684449489217,0.37601833114673366,0.356794447839614,0.8213812547662518,0.40669856459330145,0.20618556701030927,,0.4262607040913416,0.2702702702702703,0.6268464996788696,0.304857621440536,0.10714106108697606,0.00021119785866308542,0.3566585755083721,0.3011419366950525,,,,,,,,,,,,,,,0.5111695137976346,,,,,,,,0.24271844660194175,0.38915779283639884
plutchik_wheel,24,0.4880817253121453,0.379416877919177,0.3608382162817273,0.8213812547662518,0.40473372781065087,0.2222222222222222,,0.43346007604562736,0.25,0.6302066772655008,0.29462738301559793,0.11147615669594728,0.006239588588042628,0.35682506932416724,0.30155715374712844,,,,,,,,,,,,,,,0.5236508994003998,,,,,,,,0.27358490566037735,0.38226600985221676
plutchik_wheel,25,0.4796821793416572,0.3652849893750624,0.3502347248542195,0.8213812547662518,0.3950920245398773,0.22,,0.42134831460674155,0.2206896551724138,0.6325167037861915,0.29679595278246207,0.10579145134102329,0.0012064144532630034,0.3494498918011166,0.29019353306697343,,,,,,,,,,,,,,,0.5106382978723404,,,,,,,,0.22596153846153846,0.3645224171539961
plutchik_wheel,26,0.4765039727582293,0.356485104152309,0.34718837089662025,0.8213812547662518,0.4109916367980884,0.1568627450980392,,0.41802492809204217,0.23684210526315788,0.6355796870009581,0.2881944444444444,0.10997302319382836,0.005661781455927074,0.34347124858658484,0.276971470958195,,,,,,,,,,,,,,,0.48968729208250167,,,,,,,,0.19718309859154928,0.375
plutchik_wheel,27,0.4696935300794552,0.3515262389066143,0.33722754673726074,0.8213812547662518,0.3909415971394517,0.19148936170212766,,0.41527001862197394,0.2064516129032258,0.6269791006966434,0.28034188034188035,0.10782549955362793,0.0015605715703513937,0.33619162626104254,0.2731536703089566,,,,,,,,,,,,,,,0.48215488215488217,,,,,,,,0.20047732696897375,0.3696303696303696
plutchik_wheel,28,0.47627695800227016,0.35645982716847374,0.3464126693324977,0.8213812547662518,0.40048543689320387,0.18691588785046728,,0.4229665071770335,0.21052631578947367,0.6390570245301052,0.25263157894736843,0.10983798913159327,-7.120324648188005e-05,0.3464592035589127,0.27705275559477766,,,,,,,,,,,,,,,0.48874172185430464,,,,,,,,0.23665893271461716,0.3701550387596899
plutchik_wheel,29,0.47219069239500566,0.3579305145756704,0.3402925834216467,0.8213812547662518,0.3960880195599022,0.20833333333333334,,0.4058252427184466,0.22085889570552147,0.6320455984800507,0.26102292768959434,0.10211399898163605,-0.004785454187116739,0.343434547316308,0.2849097940093648,,,,,,,,,,,,,,,0.4878048780487805,,,,,,,,0.24719101123595505,0.36220472440944884
plutchik_wheel,30,0.4633371169125993,0.3482425003028146,0.3293470896057303,0.8213812547662518,0.3702801461632156,0.1956521739130435,,0.4062196307094266,0.2155688622754491,0.6291139240506329,0.25259515570934254,0.10435695950965629,-0.003970716334565481,0.3319995299835221,0.27230216701023735,,,,,,,,,,,,,,,0.46816976127320953,,,,,,,,0.24107142857142858,0.3555114200595829
plutchik_wheel,31,0.4706015891032917,0.36266951617173704,0.3400067978615828,0.8213812547662518,0.384,0.25,,0.4330708661417323,0.23376623376623376,0.6222080408423739,0.22112211221122113,0.10938880119808901,0.0023910262521470754,0.33842495456017074,0.2843897711081696,,,,,,,,,,,,,,,0.48868175765645805,,,,,,,,0.2420091324200913,0.3891675025075226
