taxonomy,layer,accuracy,macro_f1,mcc,imbalance_entropy,Anger_f1,Disgust_f1,Enjoyment_f1,Fear_f1,Neutral_f1,Sadness_f1,Surprise_f1,control_macro_f1,control_mcc,normalized_mcc,normalized_macro_f1,Admiration_f1,Amusement_f1,Annoyance_f1,Approval_f1,Caring_f1,Confusion_f1,Curiosity_f1,Desire_f1,Disappointment_f1,Disapproval_f1,Excitement_f1,Gratitude_f1,Grief_f1,Joy_f1,Nervousness_f1,Optimism_f1,Pride_f1,Realization_f1,Relief_f1,Remorse_f1,Anticipation_f1,Trust_f1
ekman_basic_emotions,0,0.0007060484819957637,0.00020158580835909153,0.0,0.42758371073449114,0.0014111006585136407,0.0,0.0,0.0,0.0,0.0,0.0,0.00015676789605833993,0.0,0.0,4.482493941219419e-05,,,,,,,,,,,,,,,,,,,,,,
ekman_basic_emotions,1,0.6097905389503413,0.21682720801470215,0.2870406545988537,0.42758371073449114,0.0,0.0,0.5602129075182968,0.07894736842105263,0.6983023113111065,0.18032786885245902,0.0,0.13910456299751706,0.007475031812118084,0.28167112339466577,0.09028116734803988,,,,,,,,,,,,,,,,,,,,,,
ekman_basic_emotions,2,0.5215344787008708,0.194581851590033,0.23766357602595511,0.42758371073449114,0.0,0.0,0.5173524150268336,0.05436893203883495,0.6365054602184087,0.15384615384615385,0.0,0.11879412956560675,-0.003664080340443763,0.2404466405578053,0.08600455871573624,,,,,,,,,,,,,,,,,,,,,,
ekman_basic_emotions,3,0.5631913391386209,0.20729412317161164,0.27510600642160893,0.42758371073449114,0.0,0.0,0.5560975609756098,0.06263982102908278,0.665654813529922,0.16666666666666666,0.0,0.12327482843679353,-0.008147707197449651,0.2809644971632934,0.09583310421555613,,,,,,,,,,,,,,,,,,,,,,
ekman_basic_emotions,4,0.5883737349964697,0.2131628213490504,0.28484066470802233,0.42758371073449114,0.0,0.0,0.5584064821066846,0.08797653958944282,0.6854003803084724,0.1603563474387528,0.0,0.12863197823524142,0.0010746668440911218,0.28407127984974423,0.09700934737381217,,,,,,,,,,,,,,,,,,,,,,
ekman_basic_emotions,5,0.6192045187102848,0.22216133984628667,0.3181691395370226,0.42758371073449114,0.0,0.0,0.581081081081081,0.06153846153846154,0.7101568951279934,0.2023529411764706,0.0,0.13637017251732933,-0.00779794403537627,0.3234448785112391,0.09933789292459193,,,,,,,,,,,,,,,,,,,,,,
ekman_basic_emotions,6,0.6147328783243116,0.22909117168860732,0.31183388737954854,0.42758371073449114,0.0,0.0,0.5715249662618084,0.12274368231046931,0.7059797227394993,0.2033898305084746,0.0,0.1349154727442161,-0.0021277915645073323,0.31329505237441174,0.1088630023740395,,,,,,,,,,,,,,,,,,,,,,
ekman_basic_emotions,7,0.6297952459402212,0.22666190313846396,0.3302812867147511,0.42758371073449114,0.0,0.0,0.5839514497639919,0.10569105691056911,0.7224272242722427,0.1745635910224439,0.0,0.13931342680024994,0.01233252472937875,0.3219188339661122,0.10148697453648088,,,,,,,,,,,,,,,,,,,,,,
ekman_basic_emotions,8,0.641327371146152,0.23758240774039616,0.3428492548514236,0.42758371073449114,0.0,0.0,0.5963636363636363,0.13023255813953488,0.7235955056179775,0.21288515406162464,0.0,0.13667594757501045,0.002868268811935011,0.34095894795606113,0.11688132617404752,,,,,,,,,,,,,,,,,,,,,,
ekman_basic_emotions,9,0.6599199811720404,0.2432734847546199,0.3640946101968879,0.42758371073449114,0.0,0.0,0.6049300466355763,0.1485148514851485,0.7430178822583886,0.2064516129032258,0.0,0.14518850249633072,-0.0032495732381352515,0.3661543380969163,0.11474457531833579,,,,,,,,,,,,,,,,,,,,,,
ekman_basic_emotions,10,0.6521534478700871,0.24249572867688993,0.3415778447827204,0.42758371073449114,0.0,0.0,0.5897004375631101,0.12903225806451613,0.733704292527822,0.24503311258278146,0.0,0.14550663075963055,-0.014418509510347713,0.35093637483498297,0.1135047987598559,,,,,,,,,,,,,,,,,,,,,,
ekman_basic_emotions,11,0.656154389268063,0.24534984888613018,0.3450512830200184,0.42758371073449114,0.0,0.0,0.590284757118928,0.1744186046511628,0.7374678026550426,0.2152777777777778,0.0,0.13769803334776246,-0.002206819733689918,0.34649345416147037,0.12484236346614203,,,,,,,,,,,,,,,,,,,,,,
ekman_basic_emotions,12,0.6540362438220758,0.23888128582927184,0.34303487370066466,0.42758371073449114,0.0,0.0,0.5876393110435664,0.14659685863874344,0.7393026941362916,0.19863013698630136,0.0,0.15556539676227696,-0.007362502654106623,0.34783642971777917,0.09866470268691727,,,,,,,,,,,,,,,,,,,,,,
ekman_basic_emotions,13,0.6540362438220758,0.24114504626413089,0.344550720241294,0.42758371073449114,0.0,0.0,0.5897869462292864,0.11578947368421053,0.7374057913526378,0.24503311258278146,0.0,0.14593555771028455,0.000768187925498388,0.34404682493251487,0.11147810848862083,,,,,,,,,,,,,,,,,,,,,,
ekman_basic_emotions,14,0.6658037185220052,0.24088252882402236,0.361134612186864,0.42758371073449114,0.0,0.0,0.6053073563990594,0.07865168539325842,0.7448657187993681,0.25735294117647056,0.0,0.1483325007854819,0.01172892697699531,0.35355247638795895,0.10866920262179565,,,,,,,,,,,,,,,,,,,,,,
ekman_basic_emotions,15,0.6676865144739939,0.24334351300303675,0.36551578538992924,0.42758371073449114,0.0,0.0,0.6048550236008091,0.08536585365853659,0.7478775913129319,0.2653061224489796,0.0,0.1414391929107383,0.004187237538497497,0.36284787810740726,0.1186920242001028,,,,,,,,,,,,,,,,,,,,,,
ekman_basic_emotions,16,0.6818074841139091,0.2513400856229116,0.3872858898661936,0.42758371073449114,0.0,0.0,0.6183310533515732,0.1125,0.7605083088954057,0.26804123711340205,0.0,0.1429986503033455,0.00043596432980552713,0.38701865186357004,0.12641921200930992,,,,,,,,,,,,,,,,,,,,,,
ekman_basic_emotions,17,0.6945163567898329,0.26417712308068797,0.4161571760910226,0.42758371073449114,0.0,0.0,0.6447761194029851,0.11180124223602485,0.7630744849445324,0.3295880149812734,0.0,0.14042287133744855,-0.001439457039683252,0.41699638474915623,0.14397108487029353,,,,,,,,,,,,,,,,,,,,,,
ekman_basic_emotions,18,0.6886326194398682,0.2585715751901371,0.4003855178229413,0.42758371073449114,0.0,0.0,0.6252545824847251,0.11464968152866242,0.7651322233104799,0.3049645390070922,0.0,0.15076828210213775,-0.011741500155404462,0.40734418615332346,0.12694214172175441,,,,,,,,,,,,,,,,,,,,,,
ekman_basic_emotions,19,0.6879265709578725,0.2658340506163838,0.40105211318520284,0.42758371073449114,0.0,0.0,0.625,0.13253012048192772,0.7627285236878317,0.34057971014492755,0.0,0.1370225449357624,-0.00218072964307115,0.402355414448935,0.1492640449929634,,,,,,,,,,,,,,,,,,,,,,
ekman_basic_emotions,20,0.6827488820899035,0.25622257511650115,0.39213818293811875,0.42758371073449114,0.0,0.0,0.626955074875208,0.07228915662650602,0.7545454545454545,0.33976833976833976,0.0,0.1461898286403087,-0.001254772364960611,0.3928999552969785,0.12887261146229437,,,,,,,,,,,,,,,,,,,,,,
ekman_basic_emotions,21,0.6989879971758061,0.2718701239718461,0.4215514214178891,0.42758371073449114,0.0,0.0,0.6441471571906354,0.15384615384615385,0.7680189050807404,0.33707865168539325,0.0,0.1413010951312312,0.00032180147327207147,0.42136521589187664,0.15205449558663314,,,,,,,,,,,,,,,,,,,,,,
ekman_basic_emotions,22,0.7008707931277948,0.2689418946903734,0.42399641598864957,0.42758371073449114,0.0,0.0,0.6456163923412832,0.12658227848101267,0.7707719505008839,0.33962264150943394,0.0,0.1372723015142939,0.0012918675806122778,0.42325133308369906,0.15262010644516363,,,,,,,,,,,,,,,,,,,,,,
ekman_basic_emotions,23,0.7140503647917157,0.27787785528892556,0.4471751448276563,0.42758371073449114,0.0,0.0,0.6548257372654156,0.1388888888888889,0.7836142689141513,0.367816091954023,0.0,0.14120228686011416,-0.00434464622298962,0.44956658329256155,0.159147569139543,,,,,,,,,,,,,,,,,,,,,,
ekman_basic_emotions,24,0.7159331607437044,0.2855177113252649,0.4527157935244904,0.42758371073449114,0.0,0.0,0.6664409075516424,0.2085889570552147,0.781586679725759,0.3420074349442379,0.0,0.14336260592016464,0.007023151000402264,0.4488449483722744,0.16594548216961438,,,,,,,,,,,,,,,,,,,,,,
ekman_basic_emotions,25,0.7300541303836197,0.2978429270228119,0.4780921150717833,0.42758371073449114,0.0,0.0,0.6775067750677507,0.1910828025477707,0.7936694021101993,0.4226415094339623,0.0,0.14028715642197787,0.00015691512968671155,0.4780102069757158,0.18326557731196122,,,,,,,,,,,,,,,,,,,,,,
ekman_basic_emotions,26,0.726994586961638,0.29872640886937407,0.4697760006699947,0.42758371073449114,0.0,0.0,0.6714431934493347,0.25149700598802394,0.7921446626482598,0.376,0.0,0.13691588947157643,0.00159801004981673,0.4689273412240879,0.18747943268093428,,,,,,,,,,,,,,,,,,,,,,
ekman_basic_emotions,27,0.7196987526476818,0.30468292289985727,0.4574352542408896,0.42758371073449114,0.0,0.0,0.6617150573936529,0.27906976744186046,0.7836623021301544,0.4083333333333333,0.0,0.15366216124927756,0.018106077095827327,0.44743038621284786,0.17844028086171965,,,,,,,,,,,,,,,,,,,,,,
ekman_basic_emotions,28,0.7378206636855731,0.30226056070341795,0.48928970413662093,0.42758371073449114,0.0,0.0,0.6876907426246185,0.22929936305732485,0.7988338192419825,0.4,0.0,0.14516158830110662,0.011244037085111897,0.483481956095833,0.18377622045562403,,,,,,,,,,,,,,,,,,,,,,
ekman_basic_emotions,29,0.7364085667215815,0.30887067248841305,0.48796521948056004,0.42758371073449114,0.0,0.0,0.6850977747808497,0.26993865030674846,0.796801872074883,0.41025641025641024,0.0,0.14693366866440027,-0.001520312682755486,0.48874249075601767,0.18982932261606994,,,,,,,,,,,,,,,,,,,,,,
ekman_basic_emotions,30,0.7380560131795717,0.3139746374383671,0.4912125752346154,0.42758371073449114,0.0,0.0,0.6878164022949713,0.3096774193548387,0.797036459348801,0.40329218106995884,0.0,0.17745385312935558,0.000823842690728592,0.4907930688262996,0.1659734044447249,,,,,,,,,,,,,,,,,,,,,,
ekman_basic_emotions,31,0.7542951282654742,0.3194234379215092,0.5251866465906496,0.42758371073449114,0.0,0.0,0.7114093959731543,0.2822085889570552,0.8108108108108109,0.4315352697095436,0.0,0.1464287341081474,-0.007852965463067114,0.5288862863134078,0.20267165815687166,,,,,,,,,,,,,,,,,,,,,,
ekman_basic_emotions,32,0.7467639444575194,0.32203676855293784,0.5058324663646757,0.42758371073449114,0.0,0.0,0.6963617817069024,0.34210526315789475,0.8042677012609117,0.411522633744856,0.0,0.1488871219779894,0.009834462558323995,0.5009243253283471,0.20343911018870828,,,,,,,,,,,,,,,,,,,,,,
ekman_basic_emotions,33,0.7524123323134855,0.32763963174087046,0.5176050064744959,0.42758371073449114,0.0,0.0,0.7025553662691653,0.33540372670807456,0.8092373374733165,0.4462809917355372,0.0,0.14088580838163106,-0.004705116817467999,0.5198641019630198,0.21737951157277377,,,,,,,,,,,,,,,,,,,,,,
ekman_basic_emotions,34,0.7432337020475406,0.31967376386886776,0.5015325006873084,0.42758371073449114,0.0,0.0,0.6910817226178365,0.32098765432098764,0.8028827425009739,0.42276422764227645,0.0,0.13935456167935747,-0.004242802851939291,0.5036384648243447,0.20951624694759663,,,,,,,,,,,,,,,,,,,,,,
ekman_basic_emotions,35,0.749823487879501,0.33147588218708346,0.5129995062017874,0.42758371073449114,0.0,0.0,0.6971975393028025,0.37735849056603776,0.8075281334885526,0.43824701195219123,0.0,0.14076486844816938,0.00968012533982907,0.5082392000207738,0.22195439494481384,,,,,,,,,,,,,,,,,,,,,,
ekman_basic_emotions,36,0.7599435161214403,0.3415622058015884,0.5333087510197903,0.42758371073449114,0.0,0.0,0.7118990794408455,0.37735849056603776,0.8136778706042355,0.488,0.0,0.13778612821877312,0.003411236668876176,0.5317113074601784,0.23634052321825813,,,,,,,,,,,,,,,,,,,,,,
ekman_basic_emotions,37,0.752176982819487,0.3265135623607899,0.5190176431911329,0.42758371073449114,0.0,0.0,0.7038043478260869,0.32098765432098764,0.809190031152648,0.45161290322580644,0.0,0.1502275106674341,-0.0008758436817405873,0.519438539909641,0.20745088115504373,,,,,,,,,,,,,,,,,,,,,,
ekman_basic_emotions,38,0.7571193221934572,0.32801119387520955,0.5263871710300828,0.42758371073449114,0.0,0.0,0.7079343365253078,0.34615384615384615,0.814570819608603,0.4274193548387097,0.0,0.14083402666723097,-0.005401291562744707,0.5289315490795149,0.21785914831089548,,,,,,,,,,,,,,,,,,,,,,
ekman_basic_emotions,39,0.748176041421511,0.3249824037490944,0.5141045719645319,0.42758371073449114,0.0,0.0,0.6998644986449865,0.30057803468208094,0.8061803246626247,0.46825396825396826,0.0,0.1686908498607456,0.015523677522389485,0.5064427483510975,0.18800653627133546,,,,,,,,,,,,,,,,,,,,,,
ekman_basic_emotions,40,0.761826312073429,0.34005618884584793,0.5336026998371193,0.42758371073449114,0.0,0.0,0.7073422957600828,0.39215686274509803,0.8187427689934439,0.46215139442231074,0.0,0.15089508093839687,0.01272116209266281,0.5275931355406452,0.22277707225687063,,,,,,,,,,,,,,,,,,,,,,
ekman_basic_emotions,41,0.7538244292774771,0.32901016079930256,0.5146031133018008,0.42758371073449114,0.0,0.0,0.6979492526937783,0.358974358974359,0.8121049607354913,0.4340425531914894,0.0,0.1468982170375267,-0.003816345640969308,0.5164485129117343,0.2134703588701639,,,,,,,,,,,,,,,,,,,,,,
ekman_basic_emotions,42,0.7573546716874558,0.3277786148241722,0.5300785028430985,0.42758371073449114,0.0,0.0,0.7133198106828939,0.32298136645962733,0.8128049970720281,0.44534412955465585,0.0,0.14059331669644667,-0.0013540462967098418,0.5307139378975859,0.2178075895432725,,,,,,,,,,,,,,,,,,,,,,
ekman_basic_emotions,43,0.7427630030595435,0.3218006874952356,0.5020835214275741,0.42758371073449114,0.0,0.0,0.6941813261163735,0.3018867924528302,0.7998437805116189,0.4566929133858268,0.0,0.13989049747268717,-0.005233760948727628,0.5046759292062591,0.21149654722803374,,,,,,,,,,,,,,,,,,,,,,
ekman_basic_emotions,44,0.7524123323134855,0.3256573071231538,0.5185176740553676,0.42758371073449114,0.0,0.0,0.704631217838765,0.3048780487804878,0.8091543832428238,0.4609375,0.0,0.14499101026520664,-0.004159145650059451,0.520511934756182,0.21130338865090326,,,,,,,,,,,,,,,,,,,,,,
ekman_basic_emotions,45,0.7599435161214403,0.32566696424873764,0.5334780247195573,0.42758371073449114,0.0,0.0,0.7150153217568948,0.31901840490797545,0.8164852255054432,0.4291497975708502,0.0,0.1408789480162276,-0.0045862016524967466,0.535607820898758,0.21508961491028672,,,,,,,,,,,,,,,,,,,,,,
ekman_basic_emotions,46,0.7566486232054601,0.33093966803514563,0.5280153062123731,0.42758371073449114,0.0,0.0,0.710562414266118,0.34523809523809523,0.8129007188653584,0.44787644787644787,0.0,0.13645957898474612,0.00186059220439729,0.5271354982066001,0.22521249071554944,,,,,,,,,,,,,,,,,,,,,,
ekman_basic_emotions,47,0.7524123323134855,0.3286987452367761,0.522945782076142,0.42758371073449114,0.0,0.0,0.7087837837837838,0.35802469135802467,0.8082272282076396,0.42585551330798477,0.0,0.1443738923955157,-0.013780452508016447,0.5294304435011921,0.21542686835178376,,,,,,,,,,,,,,,,,,,,,,
go_emotions,0,0.06544256120527307,0.005341120866875444,0.0,0.6113648400716499,,,,0.0,0.0,0.0,,0.005268213936309757,0.0,0.0,7.329305405449176e-05,0.12284577993813522,0.0,0.0,0.0,0.0,0.0,0.0,0.0,0.0,0.0,0.0,0.0,0.0,0.0,0.0,0.0,0.0,0.0,0.0,0.0,,
go_emotions,1,0.2650659133709981,0.10073215218300877,0.1440817108239089,0.6113648400716499,,,,0.0,0.39061795218764095,0.0,,0.0393008561454296,0.003205447986896669,0.14132928651395793,0.06394436430025441,0.23510466988727857,0.06060606060606061,0.0,0.12807881773399016,0.3822797411647586,0.07792207792207792,0.14263074484944532,0.0,0.0,0.0,0.19797979797979798,0.17216642754662842,0.0,0.18181818181818182,0.0,0.09205020920502092,0.03773584905660377,0.1,0.05263157894736842,0.06521739130434782,,
go_emotions,2,0.1492467043314501,0.07848833039352708,0.088262003557131,0.6113648400716499,,,,0.01702127659574468,0.21028829847371397,0.0392156862745098,,0.023019889631340346,0.00115347453334484,0.08720912252569489,0.05677540430301692,0.2206148282097649,0.1,0.0,0.09836065573770492,0.21128608923884515,0.05084745762711865,0.15167548500881833,0.0,0.0,0.05150214592274678,0.18687872763419483,0.15087719298245614,0.0,0.0962566844919786,0.01818181818181818,0.12189616252821671,0.0,0.0,0.032520325203252036,0.04780876494023904,,
go_emotions,3,0.20080037664783426,0.09668710608653842,0.1248802860282241,0.6113648400716499,,,,0.012269938650306749,0.291710388247639,0.06666666666666667,,0.026573583274210177,-0.0007834603275030675,0.125565370869143,0.07202755298973865,0.2586520947176685,0.08450704225352113,0.0,0.10720887245841035,0.27106227106227104,0.09302325581395349,0.1841680129240711,0.0,0.0,0.020100502512562814,0.23728813559322035,0.19001610305958133,0.0,0.09333333333333334,0.0,0.1073558648111332,0.0,0.0,0.06358381502890173,0.14285714285714285,,
go_emotions,4,0.2370527306967985,0.10959702788451148,0.1416637942714499,0.6113648400716499,,,,0.017699115044247787,0.34812286689419797,0.16,,0.031744762212266804,0.00010395594045226697,0.14157455584709483,0.08040469354973108,0.25448028673835127,0.1276595744680851,0.0,0.13509060955518945,0.31808035714285715,0.04878048780487805,0.17235772357723578,0.0,0.0,0.04285714285714286,0.2537313432835821,0.21482602118003025,0.0,0.1111111111111111,0.043478260869565216,0.09872029250457039,0.03333333333333333,0.0,0.059322033898305086,0.08108108108108109,,
go_emotions,5,0.24929378531073446,0.09845921139928426,0.14476772169993693,0.6113648400716499,,,,0.0,0.3595080416272469,0.0,,0.032649268733280196,-0.0008064318883491756,0.1454568525440157,0.06803110861334412,0.2727272727272727,0.047619047619047616,0.0,0.11724137931034483,0.3429796355841372,0.04040404040404041,0.15309446254071662,0.0,0.0,0.03389830508474576,0.23391812865497075,0.2225475841874085,0.0,0.12,0.0,0.10606060606060606,0.0,0.0,0.09691629955947137,0.11764705882352941,,
go_emotions,6,0.2744821092278719,0.11583387010305785,0.16569745426876226,0.6113648400716499,,,,0.020202020202020204,0.3832167832167832,0.0,,0.033397743533784836,-0.0019902486815648675,0.16735462562731857,0.08528443423114887,0.2569444444444444,0.12121212121212122,0.0,0.1206896551724138,0.3924566768603466,0.044444444444444446,0.20955315870570107,0.0,0.0,0.039603960396039604,0.24158415841584158,0.206794682422452,0.0,0.17647058823529413,0.06666666666666667,0.09836065573770492,0.04081632653061224,0.0,0.0947867298578199,0.15037593984962405,,
go_emotions,7,0.285075329566855,0.12042226689212639,0.17687801735412248,0.6113648400716499,,,,0.04081632653061224,0.3987226277372263,0.0,,0.03756323667591307,0.002426893910792245,0.1748755277968871,0.0860929604663405,0.282574568288854,0.06896551724137931,0.0,0.14453781512605043,0.391644908616188,0.041666666666666664,0.1990521327014218,0.0,0.0,0.11320754716981132,0.27586206896551724,0.2317596566523605,0.0,0.17204301075268819,0.07142857142857142,0.0814663951120163,0.0,0.0,0.08205128205128205,0.17391304347826086,,
go_emotions,8,0.310969868173258,0.12281320629168253,0.19018525709967082,0.6113648400716499,,,,0.06779661016949153,0.43201376936316693,0.0,,0.0378797590995708,-0.002280942741654668,0.19202819452483105,0.08827737280802263,0.27884615384615385,0.05405405405405406,0.0,0.152317880794702,0.4126984126984127,0.02631578947368421,0.2161290322580645,0.0,0.0,0.030303030303030304,0.26283367556468173,0.24224519940915806,0.0,0.20253164556962025,0.0,0.11688311688311688,0.05128205128205128,0.0,0.07643312101910828,0.20202020202020202,,
go_emotions,9,0.3043785310734463,0.11412897646040562,0.17572162883125325,0.6113648400716499,,,,0.03225806451612903,0.4260906395595087,0.0,,0.03865084719193195,-0.00015628305376156837,0.1758504294428962,0.07851271210673523,0.25396825396825395,0.058823529411764705,0.0,0.13448275862068965,0.4069431051108968,0.03125,0.16129032258064516,0.0,0.0,0.029411764705882353,0.29082774049217003,0.24890190336749635,0.0,0.15384615384615385,0.0,0.11162790697674418,0.05128205128205128,0.0,0.10062893081761007,0.13333333333333333,,
go_emotions,10,0.329331450094162,0.13297708701796046,0.19472700593236986,0.6113648400716499,,,,0.09523809523809523,0.45540484997944924,0.16666666666666666,,0.03938506250050695,0.0021599684103094587,0.19298387659921373,0.09742928291441742,0.24726134585289514,0.12121212121212122,0.0,0.12802768166089964,0.44351851851851853,0.06451612903225806,0.18697829716193656,0.0,0.0,0.03389830508474576,0.2806236080178174,0.23420647149460708,0.0,0.2222222222222222,0.0,0.13138686131386862,0.0,0.0,0.08064516129032258,0.16666666666666666,,
go_emotions,11,0.323210922787194,0.13759118809429602,0.18658100984314238,0.6113648400716499,,,,0.06896551724137931,0.4490627546862266,0.36363636363636365,,0.039629758018893846,0.000376955802240877,0.18627427120824164,0.10200381664609035,0.28852459016393445,0.1875,0.0,0.14558058925476602,0.42684063373718545,0.057971014492753624,0.20032310177705978,0.0,0.0,0.037037037037037035,0.24778761061946902,0.2062780269058296,0.0,0.15151515151515152,0.0,0.10909090909090909,0.0,0.0,0.07633587786259542,0.14814814814814814,,
go_emotions,12,0.3274482109227872,0.13230006990214854,0.19258896895719946,0.6113648400716499,,,,0.13333333333333333,0.4493464052287582,0.14285714285714285,,0.039913446375394984,0.0025503215815316123,0.19052454623774948,0.09622739030972496,0.328125,0.1935483870967742,0.0,0.1518987341772152,0.43644859813084114,0.03571428571428571,0.18892508143322476,0.0,0.0,0.031746031746031744,0.24282560706401765,0.21846153846153846,0.0,0.12698412698412698,0.1,0.09569377990430622,0.0,0.0,0.046511627906976744,0.12048192771084337,,
go_emotions,13,0.3243879472693032,0.12077850986252214,0.18584801342549298,0.6113648400716499,,,,0.03571428571428571,0.45213849287169044,0.13333333333333333,,0.0407236441581512,0.0020843653621454585,0.18414747868945425,0.08345339194159103,0.309375,0.07407407407407407,0.0,0.15412186379928317,0.43322625057365766,0.0392156862745098,0.14507772020725387,0.0,0.0,0.03636363636363636,0.2799097065462754,0.19306184012066366,0.0,0.16666666666666666,0.0,0.09223300970873786,0.0,0.0,0.058394160583941604,0.175,,
go_emotions,14,0.3380414312617702,0.1411143673968673,0.19921142040726258,0.6113648400716499,,,,0.16666666666666666,0.45224489795918366,0.3333333333333333,,0.04001780098671214,-0.0015078864825967542,0.20041710065290358,0.10531087609131365,0.3228995057660626,0.13333333333333333,0.0,0.1875,0.45,0.07407407407407407,0.19900497512437812,0.0,0.0,0.0,0.2534562211981567,0.20029455081001474,0.0,0.13114754098360656,0.0,0.10554089709762533,0.0,0.0,0.07142857142857142,0.16470588235294117,,
go_emotions,15,0.349105461393597,0.1447314961860741,0.2055946361127738,0.6113648400716499,,,,0.20408163265306123,0.4776470588235294,0.18181818181818182,,0.03895874157905869,-0.0019257172046670892,0.20712149588935036,0.11006057615133767,0.3021346469622332,0.2608695652173913,0.0,0.15300546448087432,0.4583706356311549,0.0392156862745098,0.1799660441426146,0.0,0.0,0.08695652173913043,0.27634660421545665,0.2082695252679939,0.0,0.1875,0.0,0.10899182561307902,0.0,0.0,0.07207207207207207,0.13157894736842105,,
go_emotions,16,0.3672316384180791,0.16078424587819382,0.2300491793785431,0.6113648400716499,,,,0.14035087719298245,0.4952681388012618,0.3333333333333333,,0.0415669338118596,0.00023962671626228996,0.22986463436979968,0.12438772854580525,0.3238993710691824,0.3076923076923077,0.0,0.15575221238938053,0.48509485094850946,0.0,0.19897084048027444,0.0,0.0,0.15873015873015872,0.3058252427184466,0.22015503875968992,0.0,0.14285714285714285,0.0,0.11733333333333333,0.0,0.0,0.10101010101010101,0.21176470588235294,,
go_emotions,17,0.3717043314500942,0.13474069163185134,0.23018980008569265,0.6113648400716499,,,,0.08333333333333333,0.5166023166023166,0.0,,0.04391100892682343,0.002850825342530785,0.22798893136651804,0.09500128497774539,0.304,0.17391304347826086,0.0,0.16279069767441862,0.46964285714285714,0.0,0.23232323232323232,0.0,0.0,0.05263157894736842,0.28292682926829266,0.23219814241486067,0.0,0.1016949152542373,0.0,0.12534059945504086,0.07692307692307693,0.0,0.07692307692307693,0.2077922077922078,,
go_emotions,18,0.3662900188323917,0.15199028027266684,0.2304397481135355,0.6113648400716499,,,,0.18181818181818182,0.49623464130003964,0.16666666666666666,,0.043144943972254844,0.006581113949455736,0.22534163312925987,0.11375321227048613,0.3015075376884422,0.14814814814814814,0.0,0.18386491557223264,0.4616780045351474,0.03636363636363636,0.21890547263681592,0.0,0.0,0.09230769230769231,0.3480278422273782,0.23953823953823955,0.0,0.15625,0.0,0.16172506738544473,0.07407407407407407,0.0,0.0970873786407767,0.13157894736842105,,
go_emotions,19,0.3524011299435028,0.15177104635164165,0.2168484731490148,0.6113648400716499,,,,0.09375,0.4729458917835671,0.2,,0.04188629681610148,0.0013600239518807478,0.215781917773689,0.11468863160017773,0.31230283911671924,0.16666666666666666,0.0,0.17667844522968199,0.45258818140174073,0.10714285714285714,0.20642978003384094,0.0,0.0,0.23684210526315788,0.32019704433497537,0.23006134969325154,0.0,0.1694915254237288,0.0,0.14691943127962084,0.0,0.0,0.09615384615384616,0.10256410256410256,,
go_emotions,20,0.3721751412429379,0.14849046559515713,0.23737777375694838,0.6113648400716499,,,,0.13333333333333333,0.5037386855568674,0.0,,0.04153886448226542,-0.0008406438817895008,0.23801832898672146,0.11158678964600831,0.3411371237458194,0.0,0.0,0.2177858439201452,0.47015945330296127,0.03773584905660377,0.21843003412969283,0.2,0.0,0.11428571428571428,0.28433734939759037,0.23565891472868217,0.0,0.14084507042253522,0.0,0.16377171215880892,0.0,0.0,0.09523809523809523,0.25882352941176473,,
go_emotions,21,0.3724105461393597,0.15637048874869822,0.23721212728299854,0.6113648400716499,,,,0.08333333333333333,0.48327430145611966,0.16666666666666666,,0.040880820828483995,-0.002236392607381653,0.2389142139085966,0.1204122182396288,0.3354632587859425,0.07692307692307693,0.0,0.16538461538461538,0.4781420765027322,0.041666666666666664,0.24666666666666667,0.0,0.0,0.09375,0.34549878345498786,0.2632375189107413,0.0,0.2727272727272727,0.0,0.13526570048309178,0.0,0.0,0.12280701754385964,0.2857142857142857,,
go_emotions,22,0.3752354048964218,0.15687361615536358,0.24046568601044774,0.6113648400716499,,,,0.10344827586206896,0.4940047961630695,0.0,,0.04059914564108088,-0.0031432769354828084,0.2428456318723833,0.12119487906020097,0.3289902280130293,0.14814814814814814,0.0,0.16764132553606237,0.49466192170818507,0.04,0.20032840722495895,0.25,0.0,0.12307692307692308,0.29797979797979796,0.27218934911242604,0.0,0.15151515151515152,0.0,0.15647921760391198,0.0,0.0,0.12962962962962962,0.25,,
go_emotions,23,0.3794726930320151,0.17745735199894933,0.24167573126077102,0.6113648400716499,,,,0.13114754098360656,0.49883630721489525,0.16666666666666666,,0.04027859222802591,-0.0002509731299867859,0.24186600252306723,0.14293602149543436,0.31788079470198677,0.0,0.0,0.23161764705882354,0.48359550561797754,0.0392156862745098,0.21731748726655348,0.0,0.0,0.1694915254237288,0.3132530120481928,0.29107981220657275,0.6666666666666666,0.1724137931034483,0.0,0.11578947368421053,0.0,0.0,0.07476635514018691,0.1917808219178082,,
go_emotions,24,0.3997175141242938,0.17459632382658075,0.2662441758436162,0.6113648400716499,,,,0.07142857142857142,0.527378640776699,0.2857142857142857,,0.03789804219300975,-0.0014796260865738535,0.2673282560688323,0.1420829471599458,0.37623762376237624,0.16,0.0,0.22385321100917432,0.4850111856823266,0.0,0.26024955436720143,0.18181818181818182,0.0,0.11267605633802817,0.35764705882352943,0.28659476117103233,0.0,0.1694915254237288,0.0,0.16172506738544473,0.0,0.0,0.07017543859649122,0.2857142857142857,,
go_emotions,25,0.417608286252354,0.20201860366152868,0.29080007165683514,0.6113648400716499,,,,0.2413793103448276,0.5375925204518893,0.2857142857142857,,0.042830780369151084,0.0030216120372538566,0.2886506498978738,0.16631105558719442,0.3698854337152209,0.3333333333333333,0.0,0.2808988764044944,0.5122838944494995,0.08333333333333333,0.2581699346405229,0.16666666666666666,0.0,0.10344827586206896,0.38235294117647056,0.2908545727136432,0.0,0.1694915254237288,0.0,0.19154929577464788,0.0,0.0,0.15,0.2894736842105263,,
go_emotions,26,0.4086629001883239,0.1729516843976092,0.2800363466031137,0.6113648400716499,,,,0.03389830508474576,0.5299610894941634,0.26666666666666666,,0.0407656536244655,-0.0010154013015600284,0.28076665707564447,0.1378036881942441,0.34056761268781305,0.08,0.0,0.2159090909090909,0.517304189435337,0.13043478260869565,0.25806451612903225,0.0,0.0,0.0821917808219178,0.4,0.3028485757121439,0.0,0.15384615384615385,0.0,0.1736842105263158,0.0,0.0,0.17543859649122806,0.3170731707317073,,
go_emotions,27,0.4171374764595104,0.17792501186897547,0.2867774150449259,0.6113648400716499,,,,0.0392156862745098,0.5511145272867025,0.16666666666666666,,0.040553431973720376,-0.0004773075004834085,0.2871176791236422,0.14317793660760944,0.34951456310679613,0.15384615384615385,0.0,0.2543352601156069,0.5153153153153153,0.09090909090909091,0.24242424242424243,0.0,0.0,0.0625,0.4047058823529412,0.28125,0.0,0.21333333333333335,0.10526315789473684,0.1631578947368421,0.15384615384615385,0.0,0.1111111111111111,0.23376623376623376,,
go_emotions,28,0.4218455743879473,0.19398478548022494,0.2940984205463572,0.6113648400716499,,,,0.16666666666666666,0.545314307751639,0.3333333333333333,,0.04213957773990423,0.003787319808727998,0.2914147817129669,0.15852540120828681,0.384,0.24,0.0,0.23076923076923078,0.5197278911564626,0.1276595744680851,0.27241379310344827,0.0,0.0,0.14084507042253522,0.3886255924170616,0.3074380165289256,0.0,0.2535211267605634,0.0,0.1741424802110818,0.0,0.0,0.08771929824561403,0.2894736842105263,,
go_emotions,29,0.4402071563088512,0.21378894775159096,0.31265226796943923,0.6113648400716499,,,,0.10909090909090909,0.5705521472392638,0.14285714285714285,,0.042249117901375595,0.0008535741390966011,0.3120650644991146,0.1791069400785486,0.41414141414141414,0.16666666666666666,0.0,0.229126213592233,0.5442477876106194,0.13636363636363635,0.2727272727272727,0.0,0.0,0.15151515151515152,0.391705069124424,0.3177570093457944,0.6666666666666666,0.23880597014925373,0.0,0.1318051575931232,0.0,0.0,0.1553398058252427,0.2777777777777778,,
go_emotions,30,0.4458568738229755,0.23120472277833262,0.3191218305966805,0.6113648400716499,,,,0.2413793103448276,0.5742649866361207,0.0,,0.040158787019375614,0.0007300254167580622,0.3186244090969627,0.19903910477619124,0.41754385964912283,0.16,0.0,0.26591760299625467,0.5345132743362832,0.1,0.28970331588132636,0.0,0.0,0.15384615384615385,0.3922518159806295,0.33175355450236965,1.0,0.1643835616438356,0.0,0.19726027397260273,0.0,0.0,0.1568627450980392,0.3380281690140845,,
go_emotions,31,0.4409133709981168,0.27380644785505676,0.3166487623669101,0.6113648400716499,,,,0.26229508196721313,0.5604606525911708,0.2857142857142857,,0.03957109004290396,-0.003836841473623649,0.31926065133260473,0.24388620061698943,0.4072249589490969,0.3225806451612903,0.0,0.228,0.5253164556962026,0.08333333333333333,0.27491408934707906,0.2,0.0,0.2,0.38613861386138615,0.3911671924290221,1.0,0.24242424242424243,0.08333333333333333,0.19270833333333334,0.07692307692307693,0.0,0.20168067226890757,0.37333333333333335,,
go_emotions,32,0.4571563088512241,0.23447346229658042,0.3319479803571592,0.6113648400716499,,,,0.2692307692307692,0.5787490580256217,0.25,,0.0417697978280335,0.0035354798104517194,0.3295777159072725,0.20110372646547392,0.4317032040472175,0.3125,0.0,0.28790786948176583,0.5455357142857142,0.14285714285714285,0.30550621669627,0.2222222222222222,0.0,0.2535211267605634,0.3484848484848485,0.3579277864992151,0.0,0.2608695652173913,0.18181818181818182,0.1924198250728863,0.0,0.0,0.1553398058252427,0.2962962962962963,,
go_emotions,33,0.4437382297551789,0.24773588586900908,0.31493961827186706,0.6113648400716499,,,,0.21052631578947367,0.5639468690702087,0.15384615384615385,,0.0415901450586439,0.0001050710246280428,0.3148676307118201,0.21509142434994993,0.39593908629441626,0.2,0.0,0.24609375,0.5246478873239436,0.17777777777777778,0.300187617260788,0.18181818181818182,0.0,0.18461538461538463,0.4418052256532066,0.3275039745627981,0.6666666666666666,0.23333333333333334,0.09090909090909091,0.209366391184573,0.0625,0.0,0.1320754716981132,0.39436619718309857,,
go_emotions,34,0.4503295668549906,0.2266756996157278,0.3238075214465212,0.6113648400716499,,,,0.2903225806451613,0.5764258555133079,0.3076923076923077,,0.039986465008519156,0.0037790234366310896,0.32124248087395424,0.19446521096066144,0.4166666666666667,0.25,0.0,0.2697495183044316,0.534452296819788,0.11764705882352941,0.29158878504672897,0.2222222222222222,0.0,0.1643835616438356,0.3694581280788177,0.35093167701863354,0.0,0.19047619047619047,0.10526315789473684,0.1834319526627219,0.0,0.0,0.21568627450980393,0.35714285714285715,,
go_emotions,35,0.4489171374764595,0.23083554847976354,0.32217353741650123,0.6113648400716499,,,,0.32142857142857145,0.5663650075414781,0.2857142857142857,,0.04043063096721107,0.0006812689854498516,0.3217114404576996,0.19842746512893977,0.4433497536945813,0.26666666666666666,0.0,0.2796116504854369,0.5292802860974519,0.14814814814814814,0.2733812949640288,0.2,0.0,0.2318840579710145,0.3826530612244898,0.34516129032258064,0.0,0.18461538461538463,0.08333333333333333,0.2215909090909091,0.0,0.0,0.1782178217821782,0.367816091954023,,
go_emotions,36,0.4569209039548023,0.25329697623499453,0.3337412870062397,0.6113648400716499,,,,0.2641509433962264,0.5787658106554235,0.14285714285714285,,0.04008795324935205,-0.004160680985079618,0.3365018909721083,0.22211308182595071,0.43812709030100333,0.20689655172413793,0.0,0.2782258064516129,0.5483584738243124,0.37209302325581395,0.2970639032815199,0.2,0.0,0.15789473684210525,0.3942307692307692,0.34728682170542635,0.6666666666666666,0.22857142857142856,0.09090909090909091,0.19373219373219372,0.0,0.0,0.12,0.3,,
go_emotions,37,0.4531544256120527,0.2646692974802485,0.33068268927437433,0.6113648400716499,,,,0.20689655172413793,0.5845686050931205,0.15384615384615385,,0.04359016599610387,0.002088253341327803,0.32928206029569834,0.23115522616347753,0.4273789649415693,0.2222222222222222,0.0,0.3050847457627119,0.5358764759309719,0.19607843137254902,0.2641509433962264,0.2,0.0,0.14705882352941177,0.4077669902912621,0.3317683881064163,1.0,0.375,0.0,0.1876675603217158,0.0,0.0,0.20869565217391303,0.3333333333333333,,
go_emotions,38,0.4555084745762712,0.22920848054415513,0.3342289941688975,0.6113648400716499,,,,0.3548387096774194,0.566692367000771,0.23529411764705882,,0.041102158294644274,0.0007634641244895379,0.33372031353140263,0.19616930403657223,0.4645799011532125,0.25806451612903225,0.0,0.31746031746031744,0.5396683101748095,0.2127659574468085,0.2965641952983725,0.18181818181818182,0.0,0.23529411764705882,0.4056603773584906,0.34715821812596004,0.0,0.1724137931034483,0.0,0.20596205962059622,0.0,0.0,0.14814814814814814,0.32941176470588235,,
go_emotions,39,0.4613935969868173,0.27887309143684774,0.34042783540425864,0.6113648400716499,,,,0.3283582089552239,0.5791715060007743,0.25,,0.044884815059598904,0.009381023689210554,0.3341817788994059,0.2449843537895899,0.43278688524590164,0.27586206896551724,0.0,0.31020408163265306,0.5445719329214475,0.1509433962264151,0.32460732984293195,0.2222222222222222,0.0,0.2857142857142857,0.42280285035629456,0.3322784810126582,1.0,0.22950819672131148,0.0,0.2033898305084746,0.0,0.0,0.19607843137254902,0.32558139534883723,,
go_emotions,40,0.4668079096045198,0.26846455568763616,0.34811475956105215,0.6113648400716499,,,,0.2857142857142857,0.5799769850402762,0.3333333333333333,,0.037718234644741104,-0.004318919129425824,0.35091809183080835,0.23979080696567834,0.4557823129251701,0.2631578947368421,0.0,0.32222222222222224,0.546028880866426,0.23255813953488372,0.3205828779599271,0.2222222222222222,0.0,0.1791044776119403,0.44019138755980863,0.38109756097560976,0.6666666666666666,0.23880597014925373,0.0,0.19428571428571428,0.0,0.0,0.19834710743801653,0.3146067415730337,,
go_emotions,41,0.4668079096045198,0.2734378625094657,0.3467872890583223,0.6113648400716499,,,,0.3125,0.5956471935853379,0.2857142857142857,,0.04115910760786045,0.0003550823288418808,0.3465552623791184,0.24224952934799285,0.4196277495769882,0.18181818181818182,0.0,0.2830188679245283,0.5572005383580081,0.2916666666666667,0.32857142857142857,0.18181818181818182,0.0,0.13114754098360656,0.43636363636363634,0.35348837209302325,1.0,0.273972602739726,0.0,0.18082191780821918,0.0,0.0,0.16981132075471697,0.3058823529411765,,
go_emotions,42,0.457391713747646,0.2269503357689848,0.33358240502494657,0.6113648400716499,,,,0.27450980392156865,0.5889101338432122,0.23529411764705882,,0.03829555814690435,-0.003066877067611474,0.33561997688202627,0.1961671064537916,0.42953020134228187,0.20689655172413793,0.0,0.2734375,0.5497127706584181,0.23255813953488372,0.2780952380952381,0.18181818181818182,0.0,0.20689655172413793,0.38349514563106796,0.3442879499217527,0.0,0.23880597014925373,0.09090909090909091,0.18781725888324874,0.07142857142857142,0.0,0.14545454545454545,0.3,,
go_emotions,43,0.452683615819209,0.22597874149622504,0.3274455797334324,0.6113648400716499,,,,0.3333333333333333,0.5808405906853464,0.14285714285714285,,0.043412158362645926,0.001764118511714624,0.3262570172654526,0.1908518749528397,0.4312393887945671,0.2,0.0,0.2607003891050584,0.537807606263982,0.25,0.27238805970149255,0.2,0.0,0.16666666666666666,0.391304347826087,0.34328358208955223,0.0,0.2857142857142857,0.16,0.19428571428571428,0.0,0.0,0.18518518518518517,0.2619047619047619,,
go_emotions,44,0.4500941619585687,0.21891061067662249,0.32566551880967026,0.6113648400716499,,,,0.27586206896551724,0.5755504935459378,0.36363636363636365,,0.041169501642477235,0.004234960015932393,0.3227975936962808,0.185372815464898,0.44084278768233387,0.16,0.0,0.27184466019417475,0.5347159603246168,0.18518518518518517,0.31307550644567217,0.2,0.0,0.2,0.4152744630071599,0.30990415335463256,0.0,0.15873015873015872,0.0,0.19839142091152814,0.0,0.0,0.11009174311926606,0.3218390804597701,,
go_emotions,45,0.4653954802259887,0.2720608164229525,0.34554099790131776,0.6113648400716499,,,,0.25,0.5921999242711095,0.3076923076923077,,0.04648899727194392,0.0019046797206749087,0.3442920843316582,0.23656970764430943,0.4370860927152318,0.2857142857142857,0.0,0.2874015748031496,0.5563155494756042,0.2222222222222222,0.3184257602862254,0.15384615384615385,0.0,0.08695652173913043,0.4019607843137255,0.345679012345679,1.0,0.3333333333333333,0.0,0.2247191011235955,0.0,0.0,0.15384615384615385,0.3,,
go_emotions,46,0.454331450094162,0.2562380504507196,0.3300154188765995,0.6113648400716499,,,,0.17543859649122806,0.5802047781569966,0.16666666666666666,,0.03727290751993011,-0.004036735954886039,0.3327090960608989,0.22744258953668373,0.4429065743944637,0.13793103448275862,0.0,0.2879684418145957,0.5436632333184057,0.18181818181818182,0.2693726937269373,0.18181818181818182,0.0,0.18181818181818182,0.3880597014925373,0.3502994011976048,1.0,0.25,0.0,0.1774193548387097,0.0,0.0,0.24074074074074073,0.3373493975903614,,
go_emotions,47,0.4564500941619586,0.22602844961234367,0.338967143598538,0.6113648400716499,,,,0.2857142857142857,0.5742264003133568,0.26666666666666666,,0.038175485033730666,-0.006323231510980892,0.34312074321395725,0.1953089796065355,0.4744645799011532,0.13333333333333333,0.0,0.2687140115163148,0.5464382326420198,0.21052631578947367,0.3173431734317343,0.2222222222222222,0.0,0.19444444444444445,0.40384615384615385,0.3619631901840491,0.0,0.2153846153846154,0.0,0.20634920634920634,0.058823529411764705,0.0,0.15384615384615385,0.30434782608695654,,
plutchik_wheel,0,0.00047080979284369113,0.00013445378151260505,0.0,0.5616928156132684,0.0009411764705882353,,,0.0,0.0,0.0,,0.0001344432410799317,0.0,0.0,1.0541849953827284e-08,,,,,,,,,,,,,,0.0,,,,,,,0.0,0.0
plutchik_wheel,1,0.4576271186440678,0.2579787496189999,0.2269042911202219,0.5616928156132684,0.0,,,0.029411764705882353,0.3620178041543027,0.12698412698412698,,0.1375349792160067,0.0018611845025865107,0.22546273436474584,0.13965061480813226,,,,,,,,,,,,,,0.3337856173677069,,,,,,,0.3579072532699168,0.5957446808510638
plutchik_wheel,2,0.4020715630885122,0.2329832680512349,0.20192801286457862,0.5616928156132684,0.0,,,0.043478260869565216,0.3677795442501325,0.06818181818181818,,0.11665805342281037,-0.0053181087010634774,0.2061497945495258,0.1316876381554916,,,,,,,,,,,,,,0.3086548488008342,,,,,,,0.30013106159895153,0.5426573426573427
plutchik_wheel,3,0.4432674199623352,0.24878009907661575,0.23648492813513936,0.5616928156132684,0.0,,,0.015151515151515152,0.3880440482433141,0.058394160583941604,,0.12181897832040516,-0.002261626891759061,0.23820781782028883,0.14457283592098902,,,,,,,,,,,,,,0.3488888888888889,,,,,,,0.35294117647058826,0.5780409041980624
plutchik_wheel,4,0.457391713747646,0.26323576979503305,0.24298956929545806,0.5616928156132684,0.0,,,0.044444444444444446,0.3932135728542914,0.10752688172043011,,0.12561086996497242,-0.007768229008834541,0.24882486973311238,0.15739548343258503,,,,,,,,,,,,,,0.35799522673031026,,,,,,,0.35148514851485146,0.5879851143009037
plutchik_wheel,5,0.4698681732580038,0.26907591941122855,0.25247543666834743,0.5616928156132684,0.0,,,0.057803468208092484,0.390992835209826,0.1038961038961039,,0.13082264636795238,0.0031243092227331427,0.2501326190943572,0.15906221263767933,,,,,,,,,,,,,,0.3684210526315789,,,,,,,0.3562152133580705,0.6062027625749283
plutchik_wheel,6,0.4795197740112994,0.2806785396300032,0.26133653887091746,0.5616928156132684,0.0,,,0.08275862068965517,0.4024024024024024,0.13513513513513514,,0.1284056126065383,-0.00456806429857774,0.2646954573010028,0.17470618125346501,,,,,,,,,,,,,,0.3711083437110834,,,,,,,0.3593556381660471,0.6139896373056994
plutchik_wheel,7,0.4865819209039548,0.2706586481570477,0.2668932842735724,0.5616928156132684,0.0,,,0.07518796992481203,0.3948849104859335,0.0273972602739726,,0.128799477957475,-0.006538243821065178,0.27165537899148734,0.16283182414421038,,,,,,,,,,,,,,0.3934010152284264,,,,,,,0.3878419452887538,0.615897435897436
plutchik_wheel,8,0.4917608286252354,0.2779651020458852,0.267822287633172,0.5616928156132684,0.0,,,0.04878048780487805,0.39791666666666664,0.09836065573770492,,0.13603751382160148,0.00826986785168379,0.2617167829913949,0.1642751745530966,,,,,,,,,,,,,,0.3962516733601071,,,,,,,0.38134592680047225,0.6231003039513677
plutchik_wheel,9,0.4974105461393597,0.2840626544789124,0.26637948710471565,0.5616928156132684,0.0,,,0.08928571428571429,0.3858185610010427,0.12,,0.13282799491380715,-0.005429316375456604,0.2703410364639407,0.1743998407214186,,,,,,,,,,,,,,0.3813443072702332,,,,,,,0.37296318648159327,0.6390268123138034
plutchik_wheel,10,0.4924670433145009,0.2735315156121813,0.25418857778112625,0.5616928156132684,0.0,,,0.07207207207207207,0.38646847770374165,0.0784313725490196,,0.13954700875081869,0.010991600632124834,0.24589980965221406,0.15571391839413296,,,,,,,,,,,,,,0.3795620437956204,,,,,,,0.36896762370189373,0.6292190194629219
plutchik_wheel,11,0.4931732580037665,0.27728129229529686,0.2553883003721773,0.5616928156132684,0.0,,,0.043478260869565216,0.39150699119627136,0.1276595744680851,,0.1357614664743476,0.005071827681113088,0.25159250653004395,0.1637508862786071,,,,,,,,,,,,,,0.3877551020408163,,,,,,,0.36158861885002963,0.6289804986423105
plutchik_wheel,12,0.4889359698681733,0.28677935292196094,0.25364233602058556,0.5616928156132684,0.0,,,0.020618556701030927,0.3943377148634985,0.21052631578947367,,0.13604327147238857,0.0014057159988333139,0.2525916922046567,0.17447179525583723,,,,,,,,,,,,,,0.407514450867052,,,,,,,0.3530120481927711,0.6214463840399003
plutchik_wheel,13,0.4896421845574388,0.2693936913381284,0.25078518644352804,0.5616928156132684,0.0,,,0.0,0.39201637666325484,0.10909090909090909,,0.14566288516315137,0.001981936013451344,0.24929734180986735,0.14482667793100118,,,,,,,,,,,,,,0.4101796407185629,,,,,,,0.3493761140819964,0.6250927988121752
plutchik_wheel,14,0.5070621468926554,0.29507821963251907,0.2696432249513188,0.5616928156132684,0.0,,,0.04,0.38851174934725846,0.2,,0.14272607808706653,0.0020662420872087904,0.2681310064344906,0.17771699062709356,,,,,,,,,,,,,,0.41550387596899224,,,,,,,0.3761194029850746,0.6454125091263081
plutchik_wheel,15,0.4957627118644068,0.2767261161301579,0.24811075142536035,0.5616928156132684,0.0,,,0.10101010101010101,0.3658155289213132,0.04,,0.13588731957188335,0.004073390056166636,0.2450354864832425,0.1629866101357259,,,,,,,,,,,,,,0.4420401854714065,,,,,,,0.35301353013530135,0.6352034673729834
plutchik_wheel,16,0.5150659133709982,0.30209147094500893,0.28658790266307094,0.5616928156132684,0.0,,,0.06060606060606061,0.40576827449030334,0.1951219512195122,,0.14068067528135464,0.0029299697418972057,0.28449148436218236,0.1878356403965461,,,,,,,,,,,,,,0.4125984251968504,,,,,,,0.38822115384615385,0.652324431256182
plutchik_wheel,17,0.53060263653484,0.30292960485205933,0.3065320473485875,0.5616928156132684,0.0,,,0.06060606060606061,0.4120654396728016,0.13636363636363635,,0.13713535243120276,0.0033541172219245,0.3041982467048148,0.19214398560422838,,,,,,,,,,,,,,0.4362519201228879,,,,,,,0.4067592033796017,0.6684609738194275
plutchik_wheel,18,0.5277777777777778,0.32162358819756226,0.29875728011258396,0.5616928156132684,0.0,,,0.06896551724137931,0.4139344262295082,0.26666666666666666,,0.13993238351555307,-6.25136840918357e-05,0.298801114638189,0.21125223319612663,,,,,,,,,,,,,,0.4305343511450382,,,,,,,0.4173806609547124,0.653883495145631
plutchik_wheel,19,0.5338983050847458,0.3193008067414795,0.3069817249921267,0.5616928156132684,0.0,,,0.08888888888888889,0.42078451349974527,0.20408163265306123,,0.13396362260184116,-0.004849639810100969,0.31032639356984626,0.2140062345838734,,,,,,,,,,,,,,0.4588607594936709,,,,,,,0.39388379204892965,0.6686060606060606
plutchik_wheel,20,0.5266007532956686,0.30931074753813886,0.29975640853037655,0.5616928156132684,0.0,,,0.09090909090909091,0.4246369554331497,0.16326530612244897,,0.1345941598072302,-0.0002274282206012446,0.299915627473491,0.2018897719617774,,,,,,,,,,,,,,0.4406779661016949,,,,,,,0.38570548367221197,0.6599804305283757
plutchik_wheel,21,0.5341337099811676,0.3004625000986599,0.30826603114583845,0.5616928156132684,0.0,,,0.06521739130434782,0.4297520661157025,0.1111111111111111,,0.13706922272768185,0.00614071661113489,0.3039920435260367,0.18934691133332404,,,,,,,,,,,,,,0.41731066460587324,,,,,,,0.4146341463414634,0.6652121212121213
plutchik_wheel,22,0.5298964218455744,0.3184960523374656,0.3040543305964114,0.5616928156132684,0.0,,,0.09523809523809523,0.42051802945657696,0.21428571428571427,,0.13709572468266648,0.0002025907562093728,0.30391330986747017,0.2102206847776818,,,,,,,,,,,,,,0.4192546583850932,,,,,,,0.4245742092457421,0.6556016597510373
plutchik_wheel,23,0.5477871939736346,0.3291648619904683,0.33066886987415156,0.5616928156132684,0.0,,,0.10416666666666667,0.42464358452138495,0.1724137931034483,,0.14193151060785125,0.0014382459882957756,0.3297048205212923,0.21820327129743708,,,,,,,,,,,,,,0.5054602184087363,,,,,,,0.41569589209074187,0.6817738791423001
plutchik_wheel,24,0.562617702448211,0.3232359518337145,0.35321451519175184,0.5616928156132684,0.0,,,0.06521739130434782,0.46325392802838317,0.12244897959183673,,0.13417314631390087,-0.0033804533468529806,0.3553935771313412,0.21836098605040188,,,,,,,,,,,,,,0.47393364928909953,,,,,,,0.45223700120918986,0.6855607134131444
plutchik_wheel,25,0.567090395480226,0.3329377717093875,0.35623191712011226,0.5616928156132684,0.0,,,0.07407407407407407,0.4603735487127713,0.15384615384615385,,0.1377708590424005,-0.0008741526912908267,0.35679417722114837,0.22635156177884785,,,,,,,,,,,,,,0.5024,,,,,,,0.45058317986494784,0.6892874454677654
plutchik_wheel,26,0.557909604519774,0.35128061305366953,0.342145868458564,0.5616928156132684,0.0,,,0.13186813186813187,0.440920716112532,0.2641509433962264,,0.14102170655307128,0.00016928071296193654,0.3420344875875184,0.24477790429006796,,,,,,,,,,,,,,0.49139280125195617,,,,,,,0.45269016697588127,0.6779415317709592
plutchik_wheel,27,0.5755649717514124,0.3460680576187546,0.36567053357430246,0.5616928156132684,0.0,,,0.12048192771084337,0.46550816219062663,0.1724137931034483,,0.14314220997269414,8.068416945786108e-05,0.36561934909836435,0.23682558530464398,,,,,,,,,,,,,,0.49056603773584906,,,,,,,0.4838513101767215,0.6896551724137931
plutchik_wheel,28,0.5760357815442562,0.3555240078653251,0.3643107909501357,0.5616928156132684,0.0,,,0.17777777777777778,0.4645628556647698,0.19607843137254902,,0.14438853009615227,-0.0027137393782512265,0.36603121700114166,0.24676560003677828,,,,,,,,,,,,,,0.501628664495114,,,,,,,0.4467821782178218,0.7018381475292432
plutchik_wheel,29,0.577683615819209,0.36246054206510053,0.36865840721083465,0.5616928156132684,0.0,,,0.11235955056179775,0.4678423236514523,0.3137254901960784,,0.14879585366071313,0.004399778761844023,0.36586836832558006,0.25101462360501875,,,,,,,,,,,,,,0.473015873015873,,,,,,,0.47102342786683105,0.6992571291636712
plutchik_wheel,30,0.588512241054614,0.36912868482656214,0.3858562081495416,0.5616928156132684,0.0,,,0.14634146341463414,0.4818276220145379,0.25925925925925924,,0.13520504521642407,-0.0061781161354255406,0.38962716242598305,0.27049607345209353,,,,,,,,,,,,,,0.5103668261562998,,,,,,,0.4801950030469226,0.7059106198942816
plutchik_wheel,31,0.600517890772128,0.3849254601035125,0.4028970197876303,0.5616928156132684,0.0,,,0.2222222222222222,0.4922440537745605,0.2553191489361702,,0.1339523523743632,-0.002984211150463633,0.40467359947025655,0.2897913393301387,,,,,,,,,,,,,,0.5048543689320388,,,,,,,0.5049019607843137,0.7149364660752817
plutchik_wheel,32,0.5925141242937854,0.3857768263505115,0.39336338354380884,0.5616928156132684,0.0,,,0.21951219512195122,0.48604769152714355,0.28,,0.13503150459506777,-0.002306645744397371,0.39475945906190046,0.2898895428995458,,,,,,,,,,,,,,0.509375,,,,,,,0.5031133250311333,0.7023895727733527
plutchik_wheel,33,0.597693032015066,0.4047600013462607,0.4007272012720209,0.5616928156132684,0.0,,,0.27956989247311825,0.49542217700915564,0.32653061224489793,,0.1355283134600999,0.0011936335793570078,0.40001103429531204,0.3114407239452536,,,,,,,,,,,,,,0.5428571428571428,,,,,,,0.47696139476961397,0.7119787900698964
plutchik_wheel,34,0.6099340866290018,0.4052282988432846,0.4169044043848937,0.5616928156132684,0.0,,,0.2716049382716049,0.5046153846153846,0.2909090909090909,,0.13687692309599264,-0.0030228782710743154,0.4186617192419409,0.31090742783735903,,,,,,,,,,,,,,0.5384615384615384,,,,,,,0.5124069478908189,0.7186001917545541
plutchik_wheel,35,0.5981638418079096,0.38441520305174837,0.3964451963893966,0.5616928156132684,0.0,,,0.23404255319148937,0.47794117647058826,0.24,,0.15805241846554965,0.0009491388372947033,0.395871794847181,0.26885614918407663,,,,,,,,,,,,,,0.5244299674267101,,,,,,,0.5003088326127239,0.714183891660727
plutchik_wheel,36,0.5962806026365348,0.38026812587144904,0.3944643886529083,0.5616928156132684,0.0,,,0.1686746987951807,0.4756980351602896,0.2857142857142857,,0.1449272348345285,-0.006849562873185523,0.39858382654593255,0.27522908064014645,,,,,,,,,,,,,,0.5198098256735341,,,,,,,0.49875,0.7132300357568534
plutchik_wheel,37,0.6099340866290018,0.3893350334466374,0.4167450026974637,0.5616928156132684,0.0,,,0.24719101123595505,0.4987066735644077,0.19230769230769232,,0.1521283891677765,0.015554550688921281,0.40752938853981,0.27976717376588667,,,,,,,,,,,,,,0.5615141955835962,,,,,,,0.5021806853582554,0.723444976076555
plutchik_wheel,38,0.591337099811676,0.3761376316881994,0.3935573935426714,0.5616928156132684,0.0,,,0.1702127659574468,0.4881565396498455,0.25925925925925924,,0.1360240005681378,0.0003686124960617223,0.3933337687889083,0.277917015377692,,,,,,,,,,,,,,0.5142857142857142,,,,,,,0.4978749241044323,0.7031742185606978
plutchik_wheel,39,0.6026365348399246,0.39829108721917006,0.4062683849779545,0.5616928156132684,0.0,,,0.22988505747126436,0.4938650306748466,0.32142857142857145,,0.1376150778691351,-0.0036425157503799078,0.4084232127430969,0.30227338472700943,,,,,,,,,,,,,,0.5310015898251192,,,,,,,0.49404388714733544,0.7178134739870534
plutchik_wheel,40,0.599105461393597,0.37045688155384315,0.39844105679742825,0.5616928156132684,0.0,,,0.17777777777777778,0.4968944099378882,0.19230769230769232,,0.13627197711537184,-0.00936610451370016,0.4040230392991102,0.27113269250701666,,,,,,,,,,,,,,0.5289514866979655,,,,,,,0.48223350253807107,0.7150333016175071
plutchik_wheel,41,0.6016949152542372,0.37454650680563983,0.40481296799556454,0.5616928156132684,0.0,,,0.16494845360824742,0.48434237995824636,0.20833333333333334,,0.13692532523520187,-0.014156556058438498,0.4131211513164649,0.2753193767795279,,,,,,,,,,,,,,0.5451612903225806,,,,,,,0.5003050640634533,0.7187350263536176
plutchik_wheel,42,0.6068738229755178,0.3771983823573032,0.4119164247637021,0.5616928156132684,0.0,,,0.1686746987951807,0.49149922720247297,0.19607843137254902,,0.13428843852899386,-0.0020039262386589702,0.41309254401441625,0.2805899269908788,,,,,,,,,,,,,,0.5550239234449761,,,,,,,0.5089783281733746,0.7201340675125688
plutchik_wheel,43,0.6033427495291902,0.3895083604917909,0.4067624714540252,0.5616928156132684,0.0,,,0.15384615384615385,0.49794238683127573,0.32653061224489793,,0.13782329193209428,0.005280422165188318,0.4036132978931969,0.2919181951965626,,,,,,,,,,,,,,0.5394321766561514,,,,,,,0.4899749373433584,0.7188322565206987
plutchik_wheel,44,0.6099340866290018,0.383359035685083,0.4160139204686483,0.5616928156132684,0.0,,,0.20408163265306123,0.5159958720330238,0.21818181818181817,,0.14511786511123395,-0.004611103937640055,0.41869438109694457,0.278683061501628,,,,,,,,,,,,,,0.5301587301587302,,,,,,,0.4892541087231353,0.7258410880458125
plutchik_wheel,45,0.602165725047081,0.38863441706519236,0.4065079577071403,0.5616928156132684,0.0,,,0.22727272727272727,0.5052526263131566,0.24489795918367346,,0.1513218702596303,0.012846550274606018,0.39878441142260396,0.2796260896674237,,,,,,,,,,,,,,0.5365079365079365,,,,,,,0.494596312778131,0.711913357400722
plutchik_wheel,46,0.6009887005649718,0.377549912871378,0.4016526772787615,0.5616928156132684,0.0,,,0.14457831325301204,0.4945792462570986,0.28,,0.14073977693090348,0.011649075390249486,0.3946003308920914,0.27559769390306305,,,,,,,,,,,,,,0.5119236883942766,,,,,,,0.4943820224719101,0.7173861197233484
plutchik_wheel,47,0.6092278719397364,0.40421970335240687,0.41543172306247567,0.5616928156132684,0.0,,,0.19148936170212766,0.491062039957939,0.37037037037037035,,0.13302110476126458,-0.009462576682415853,0.4209113934082633,0.31280876625775733,,,,,,,,,,,,,,0.5429017160686428,,,,,,,0.5096094234345939,0.7241050119331742
