taxonomy,layer,accuracy,macro_f1,mcc,imbalance_entropy,Anger_f1,Disgust_f1,Enjoyment_f1,Fear_f1,Neutral_f1,Sadness_f1,Surprise_f1,control_macro_f1,control_mcc,normalized_mcc,Admiration_f1,Amusement_f1,Annoyance_f1,Approval_f1,Caring_f1,Confusion_f1,Curiosity_f1,Desire_f1,Disappointment_f1,Disapproval_f1,Embarrassment_f1,Excitement_f1,Gratitude_f1,Grief_f1,Joy_f1,Love_f1,Nervousness_f1,Optimism_f1,Pride_f1,Realization_f1,Relief_f1,Remorse_f1,Anticipation_f1,Trust_f1
ekman_basic_emotions,0,0.02547169811320755,0.007096858982783546,0.0,0.708739064447619,0.04967801287948482,0.0,0.0,0.0,0.0,0.0,0.0,0.007927408523602058,0.0,0.0,,,,,,,,,,,,,,,,,,,,,,,,
ekman_basic_emotions,1,0.20849056603773586,0.14938645401399758,0.09506937404304987,0.708739064447619,0.06060606060606061,0.01937046004842615,0.34236267870579384,0.10914051841746249,0.2872032426172554,0.1853932584269663,0.0416289592760181,0.05801488361793108,-0.006267151163026388,0.10070538930834941,,,,,,,,,,,,,,,,,,,,,,,,
ekman_basic_emotions,2,0.16462264150943395,0.13372800039425864,0.07750026556003216,0.708739064447619,0.06309148264984227,0.01085972850678733,0.22932022932022933,0.10425240054869685,0.2892768079800499,0.1992619926199262,0.040033361134278564,0.057057398320551116,0.006529206892095734,0.07143748881224332,,,,,,,,,,,,,,,,,,,,,,,,
ekman_basic_emotions,3,0.2275943396226415,0.18245061922266628,0.12969929172317077,0.708739064447619,0.11185682326621924,0.01487778958554729,0.32988901645618063,0.2025028441410694,0.3354192740926158,0.23484119345524543,0.04776739356178609,0.05317247578505211,-0.0032220305428197556,0.13249442119414975,,,,,,,,,,,,,,,,,,,,,,,,
ekman_basic_emotions,4,0.2634433962264151,0.19860645011734368,0.14643244550155604,0.708739064447619,0.09811320754716982,0.015978695073235686,0.38136511375947996,0.2224824355971897,0.35378201310303753,0.25919117647058826,0.059332509270704575,0.06637417770097871,0.0018494562012276621,0.14485088466722948,,,,,,,,,,,,,,,,,,,,,,,,
ekman_basic_emotions,5,0.36462264150943396,0.2526596679138324,0.22409503690858193,0.708739064447619,0.10567514677103718,0.0273972602739726,0.5230570783618188,0.29258098223615464,0.4004739336492891,0.3494809688581315,0.06995230524642289,0.0849585745853058,0.004467788919639318,0.22061289985845975,,,,,,,,,,,,,,,,,,,,,,,,
ekman_basic_emotions,6,0.4412735849056604,0.2936948779998753,0.2951596862155432,0.708739064447619,0.14166666666666666,0.030211480362537766,0.6272617611580217,0.35365853658536583,0.43415514131088395,0.39733998337489607,0.07157057654075547,0.0877295410068301,0.003676109404257318,0.29255905590800996,,,,,,,,,,,,,,,,,,,,,,,,
ekman_basic_emotions,7,0.467688679245283,0.30718980210634556,0.3183146751200553,0.708739064447619,0.15,0.03484320557491289,0.6596119929453262,0.34765625,0.4507552870090634,0.414654454621149,0.09280742459396751,0.0922076271056671,0.00228156387167396,0.31675580986030144,,,,,,,,,,,,,,,,,,,,,,,,
ekman_basic_emotions,8,0.49339622641509434,0.3210957292092164,0.3450450974715596,0.708739064447619,0.1527777777777778,0.03508771929824561,0.6868981616574263,0.37016052880075545,0.4678362573099415,0.42518397383483236,0.10972568578553615,0.0982656219596723,0.00044289232483135177,0.3447548944434253,,,,,,,,,,,,,,,,,,,,,,,,
ekman_basic_emotions,9,0.5195754716981132,0.3384331566247667,0.3743225453715482,0.708739064447619,0.15602836879432624,0.03980099502487562,0.7008350129570976,0.39433962264150946,0.5038078500292912,0.46811945117029863,0.10610079575596817,0.09608649809341703,-0.005416899607653376,0.3776935171145307,,,,,,,,,,,,,,,,,,,,,,,,
ekman_basic_emotions,10,0.5455188679245283,0.3535798680073228,0.4023515849939067,0.708739064447619,0.14215686274509803,0.05442176870748299,0.7146529562982005,0.4233301975540922,0.5329545454545455,0.49608763693270735,0.11145510835913312,0.10637274468236181,0.0015398129373090127,0.4014298990085136,,,,,,,,,,,,,,,,,,,,,,,,
ekman_basic_emotions,11,0.564622641509434,0.37502357479426063,0.4252163638284297,0.708739064447619,0.17798594847775176,0.0847457627118644,0.731859410430839,0.44894204231830726,0.5309427414690573,0.5192012288786483,0.1314878892733564,0.10283269482901435,-0.005611681850858534,0.42842386723902837,,,,,,,,,,,,,,,,,,,,,,,,
ekman_basic_emotions,12,0.5804245283018868,0.38729386292166695,0.44316156751661806,0.708739064447619,0.19854721549636803,0.08620689655172414,0.7431786216596343,0.45161290322580644,0.5573212258796821,0.5287356321839081,0.14545454545454545,0.10568089443364224,-0.0036336522168587287,0.44517759916338095,,,,,,,,,,,,,,,,,,,,,,,,
ekman_basic_emotions,13,0.5952830188679246,0.3915986612780943,0.458347835269996,0.708739064447619,0.18227848101265823,0.09009009009009009,0.7612437534702943,0.45688073394495415,0.5754663651780667,0.5346062052505967,0.140625,0.11620391188278881,0.003766754705350259,0.456299850172333,,,,,,,,,,,,,,,,,,,,,,,,
ekman_basic_emotions,14,0.5985849056603774,0.39511445670949197,0.4611267131191937,0.708739064447619,0.20537897310513448,0.06896551724137931,0.7631433314886552,0.4452621895124195,0.5748299319727891,0.536547433903577,0.17167381974248927,0.11106530429287527,-0.0024918273356147103,0.46246615464885776,,,,,,,,,,,,,,,,,,,,,,,,
ekman_basic_emotions,15,0.6028301886792453,0.4021824053795782,0.4670262002682238,0.708739064447619,0.19289340101522842,0.11764705882352941,0.769188140759213,0.46557971014492755,0.5699658703071673,0.5362095531587057,0.16379310344827586,0.11553905794622897,-0.001121092288082476,0.46762304396798415,,,,,,,,,,,,,,,,,,,,,,,,
ekman_basic_emotions,16,0.6188679245283019,0.4135572119828636,0.48558084838313276,0.708739064447619,0.21428571428571427,0.11235955056179775,0.7778082944246086,0.48451730418943534,0.5851726089417091,0.559322033898305,0.16143497757847533,0.1301899528949272,0.01326539494019423,0.47866513550957457,,,,,,,,,,,,,,,,,,,,,,,,
ekman_basic_emotions,17,0.6285377358490566,0.42089321523291545,0.4959656891735433,0.708739064447619,0.2155688622754491,0.12195121951219512,0.7844851133570063,0.4902654867256637,0.5912653975363942,0.5721003134796239,0.17061611374407584,0.11148448934912146,-0.01053564233979129,0.5012206500114957,,,,,,,,,,,,,,,,,,,,,,,,
ekman_basic_emotions,18,0.6290094339622642,0.4232937352650588,0.49653933042354836,0.708739064447619,0.21492537313432836,0.12048192771084337,0.7840349917987972,0.49110320284697506,0.5997782705099778,0.5594956658786446,0.1932367149758454,0.12301182347788421,0.004227562234830953,0.49440188291776993,,,,,,,,,,,,,,,,,,,,,,,,
ekman_basic_emotions,19,0.6316037735849057,0.4281085823439835,0.5009962342281685,0.708739064447619,0.20348837209302326,0.15384615384615385,0.7837763770896136,0.48936170212765956,0.6068042387060792,0.573208722741433,0.18627450980392157,0.12262429650832143,0.007406089207510987,0.4972729931685498,,,,,,,,,,,,,,,,,,,,,,,,
ekman_basic_emotions,20,0.6341981132075472,0.42440753567808187,0.5013775625176013,0.708739064447619,0.23492063492063492,0.11267605633802817,0.7879282218597063,0.5056867891513561,0.5909849749582637,0.5660672400312744,0.17258883248730963,0.12514953614972282,0.013942817235590358,0.4943270570936753,,,,,,,,,,,,,,,,,,,,,,,,
ekman_basic_emotions,21,0.6360849056603773,0.4266068267019855,0.5035779917595533,0.708739064447619,0.22981366459627328,0.09090909090909091,0.789015769439913,0.5097690941385435,0.5903279599777654,0.562929061784897,0.21348314606741572,0.1268953853706666,0.0035569775039404877,0.5018059266480439,,,,,,,,,,,,,,,,,,,,,,,,
ekman_basic_emotions,22,0.6459905660377359,0.4412411406259644,0.5154724857591994,0.708739064447619,0.23529411764705882,0.15384615384615385,0.7919028340080971,0.5252883762200532,0.6027855153203343,0.5839188134270101,0.1956521739130435,0.11679477349368386,-0.00840223067919741,0.5195096762980653,,,,,,,,,,,,,,,,,,,,,,,,
ekman_basic_emotions,23,0.6403301886792453,0.4295696538626627,0.506229032424761,0.708739064447619,0.24148606811145512,0.09375,0.7951612903225806,0.5004329004329005,0.5961754780652418,0.5591229444009397,0.22085889570552147,0.12158770544843063,-0.006065475947265364,0.5092059320390387,,,,,,,,,,,,,,,,,,,,,,,,
ekman_basic_emotions,24,0.6365566037735849,0.423224834892301,0.5004143640427983,0.708739064447619,0.22151898734177214,0.08955223880597014,0.7936593229446535,0.48663101604278075,0.5853658536585366,0.568978955572876,0.21686746987951808,0.12230192579378163,-0.009144706009088803,0.504941528224494,,,,,,,,,,,,,,,,,,,,,,,,
ekman_basic_emotions,25,0.6393867924528301,0.43540966375260426,0.5042457677690754,0.708739064447619,0.19543973941368079,0.19672131147540983,0.7897849462365591,0.5072836332476436,0.5969983324068927,0.5653206650831354,0.19631901840490798,0.1353672864991102,0.008523465525808606,0.4999838977592774,,,,,,,,,,,,,,,,,,,,,,,,
ekman_basic_emotions,26,0.6308962264150944,0.4196569120889504,0.49156234690009276,0.708739064447619,0.2315112540192926,0.08,0.7812080536912752,0.5,0.5669988925802879,0.5714285714285714,0.2064516129032258,0.13384841535456843,0.0025886949214380273,0.49024274087222247,,,,,,,,,,,,,,,,,,,,,,,,
ekman_basic_emotions,27,0.6372641509433963,0.422303084738158,0.5002149292923572,0.708739064447619,0.22857142857142856,0.08,0.7910848549946294,0.4868651488616462,0.5976884975233901,0.5496894409937888,0.2222222222222222,0.1228326432263032,-0.011944823162336459,0.5061143065628716,,,,,,,,,,,,,,,,,,,,,,,,
ekman_basic_emotions,28,0.6325471698113208,0.4205548842185295,0.4945564773049086,0.708739064447619,0.21935483870967742,0.11764705882352941,0.7850215517241379,0.5064377682403434,0.5734806629834254,0.5601241272304112,0.18181818181818182,0.13562041764251698,0.010449374885015702,0.48921913657892985,,,,,,,,,,,,,,,,,,,,,,,,
ekman_basic_emotions,29,0.6332547169811321,0.4170204042586771,0.4939186512871481,0.708739064447619,0.21052631578947367,0.12,0.7896995708154506,0.4857142857142857,0.5730211817168339,0.5624036979969184,0.17777777777777778,0.13128404879524408,0.006235817350794183,0.49074301776129087,,,,,,,,,,,,,,,,,,,,,,,,
ekman_basic_emotions,30,0.6252358490566038,0.40919011372498104,0.48188146717891306,0.708739064447619,0.18983050847457628,0.10256410256410256,0.776111408677022,0.4748322147651007,0.5901820187534473,0.5353218210361067,0.19548872180451127,0.1283534206396089,0.0039614916890471094,0.4798207815281217,,,,,,,,,,,,,,,,,,,,,,,,
ekman_basic_emotions,31,0.6339622641509434,0.42244594411434633,0.4935164834855461,0.708739064447619,0.23693379790940766,0.13043478260869565,0.7873931623931624,0.49575551782682514,0.575403450194769,0.5493827160493827,0.18181818181818182,0.13768138873949373,0.008257035763367324,0.48929961211844253,,,,,,,,,,,,,,,,,,,,,,,,
go_emotions,0,0.03777148253068933,0.0025997660210581044,0.0,0.8516378721836366,0.0,0.0,,0.0,0.0,0.0,0.0,0.0026635647937423086,0.0,0.0,0.07279344858962693,0.0,0.0,0.0,0.0,0.0,0.0,0.0,0.0,0.0,0.0,0.0,0.0,0.0,0.0,0.0,0.0,0.0,0.0,0.0,0.0,0.0,,
go_emotions,1,0.05594900849858357,0.03768900260824509,0.03330010368091709,0.8516378721836366,0.0,0.0,,0.0398406374501992,0.18860510805500982,0.022988505747126436,0.013745704467353952,0.006522049949278686,0.0005819154870059612,0.03273723849999609,0.04784688995215311,0.0,0.061068702290076333,0.0,0.033950617283950615,0.0,0.042042042042042045,0.0,0.0,0.021739130434782608,0.022304832713754646,0.07225433526011561,0.05405405405405406,0.02671118530884808,0.038910505836575876,0.0,0.0,0.02631578947368421,0.10315186246418338,0.044444444444444446,0.06153846153846154,0.13377926421404682,,
go_emotions,2,0.049102927289896126,0.03711882320539645,0.03158223312391856,0.8516378721836366,0.0625,0.0,,0.0653061224489796,0.16539050535987748,0.0223463687150838,0.014814814814814815,0.0052778148048020284,-0.00010235599081465476,0.03168134633913833,0.06572769953051644,0.0,0.015267175572519083,0.0,0.012678288431061807,0.0,0.05970149253731343,0.0,0.0,0.05263157894736842,0.012861736334405145,0.13049267643142476,0.03938730853391685,0.02877697841726619,0.05714285714285714,0.0,0.0106951871657754,0.0,0.0794044665012407,0.018691588785046728,0.0326530612244898,0.09285714285714286,,
go_emotions,3,0.059017941454202076,0.045983346593920005,0.04231116238190941,0.8516378721836366,0.02040816326530612,0.0024691358024691358,,0.06976744186046512,0.18556701030927836,0.06486486486486487,0.018656716417910446,0.007932746086734867,0.0008105900205192841,0.04153423960152098,0.05668016194331984,0.0,0.015151515151515152,0.0,0.030864197530864196,0.0,0.02666666666666667,0.0,0.0,0.07179487179487179,0.02912621359223301,0.11510791366906475,0.07127882599580712,0.03899721448467967,0.0782122905027933,0.0,0.010471204188481676,0.011299435028248588,0.08040201005025126,0.08759124087591241,0.020887728459530026,0.18126888217522658,,
go_emotions,4,0.0682247403210576,0.05604502075663869,0.047025541123609856,0.8516378721836366,0.1276595744680851,0.003875968992248062,,0.047619047619047616,0.11868131868131868,0.022727272727272728,0.023148148148148147,0.0066907136052142884,-5.303359991082689e-05,0.04707607810962884,0.07142857142857142,0.043478260869565216,0.03680981595092025,0.0425531914893617,0.07278020378457059,0.0,0.020134228187919462,0.0,0.02631578947368421,0.1273100616016427,0.02127659574468085,0.10241820768136557,0.12686567164179105,0.041666666666666664,0.07159904534606205,0.0,0.050761421319796954,0.010638297872340425,0.07547169811320754,0.07058823529411765,0.012422360248447204,0.20103092783505155,,
go_emotions,5,0.1192162417374882,0.0965446022372648,0.09359914540049485,0.8516378721836366,0.08860759493670886,0.0,,0.1292517006802721,0.18376068376068377,0.17959183673469387,0.01892744479495268,0.007518927512680602,-0.0015129578378723246,0.09496842002294312,0.11235955056179775,0.06097560975609756,0.04597701149425287,0.058091286307053944,0.12054794520547946,0.044444444444444446,0.08746355685131195,0.0449438202247191,0.07894736842105263,0.18655097613882862,0.03986710963455149,0.14124293785310735,0.19463087248322147,0.0963855421686747,0.10461538461538461,0.023809523809523808,0.045871559633027525,0.028985507246376812,0.15827338129496402,0.1,0.02912621359223301,0.3,,
go_emotions,6,0.1787063267233239,0.13621574460960958,0.14878695873105063,0.8516378721836366,0.12307692307692308,0.0,,0.1834319526627219,0.22594142259414227,0.23255813953488372,0.03389830508474576,0.013237264376361496,0.0013584143352935079,0.14762908586229873,0.19375,0.0990990990990991,0.08433734939759036,0.11857707509881422,0.130374479889043,0.10666666666666667,0.09912536443148688,0.045454545454545456,0.13471502590673576,0.20501138952164008,0.06584362139917696,0.30536130536130535,0.3105590062111801,0.09032258064516129,0.12,0.0,0.10232558139534884,0.05,0.25316455696202533,0.08783783783783784,0.06091370558375635,0.3516949152542373,,
go_emotions,7,0.20136921624173748,0.14859494852863683,0.16861607767268216,0.8516378721836366,0.11518324607329843,0.0,,0.17751479289940827,0.25416666666666665,0.27956989247311825,0.053475935828877004,0.008884297833176905,-0.0033207418646733814,0.17136775147079153,0.19830028328611898,0.13008130081300814,0.07058823529411765,0.11244979919678715,0.1592442645074224,0.11180124223602485,0.15625,0.06666666666666667,0.13861386138613863,0.2543640897755611,0.03389830508474576,0.36182019977802443,0.3009118541033435,0.112,0.11570247933884298,0.0,0.06956521739130435,0.056338028169014086,0.24056603773584906,0.138996138996139,0.07909604519774012,0.37349397590361444,,
go_emotions,8,0.21600566572237961,0.16389251958085088,0.18232732369898846,0.8516378721836366,0.16,0.0,,0.19298245614035087,0.2716049382716049,0.26573426573426573,0.05025125628140704,0.013457558909796639,-0.0009319054373813077,0.1830886078671758,0.20833333333333334,0.17424242424242425,0.0782122905027933,0.10526315789473684,0.15384615384615385,0.12121212121212122,0.15025906735751296,0.07092198581560284,0.17117117117117117,0.26109660574412535,0.0945945945945946,0.3558413719185423,0.3391812865497076,0.16393442622950818,0.1187214611872146,0.0,0.145748987854251,0.08333333333333333,0.23902439024390243,0.13168724279835392,0.07453416149068323,0.40725806451612906,,
go_emotions,9,0.2384324834749764,0.17327475765864817,0.2048085082047714,0.8516378721836366,0.1590909090909091,0.0,,0.26256983240223464,0.30425963488843816,0.3333333333333333,0.05649717514124294,0.016759180805244574,0.0013210219340227113,0.20375665327893322,0.23140495867768596,0.1532567049808429,0.05517241379310345,0.12195121951219512,0.19148936170212766,0.11612903225806452,0.20202020202020202,0.0425531914893617,0.182648401826484,0.30684931506849317,0.07194244604316546,0.3792372881355932,0.3588235294117647,0.10344827586206896,0.14545454545454545,0.0,0.11666666666666667,0.04716981132075472,0.24213075060532688,0.14655172413793102,0.07017543859649122,0.4508670520231214,,
go_emotions,10,0.25684608120868746,0.1858359580590803,0.22195884449957534,0.8516378721836366,0.14012738853503184,0.0,,0.2724795640326976,0.3187250996015936,0.35403726708074534,0.05517241379310345,0.01824701267657868,0.0017944136032081086,0.22056020713237195,0.233983286908078,0.2097902097902098,0.13432835820895522,0.10980392156862745,0.22564102564102564,0.09696969696969697,0.2324455205811138,0.05970149253731343,0.2,0.28019323671497587,0.1,0.4196242171189979,0.36148148148148146,0.08888888888888889,0.14285714285714285,0.0,0.10526315789473684,0.07017543859649122,0.26109660574412535,0.1641025641025641,0.09090909090909091,0.47560975609756095,,
go_emotions,11,0.2837582625118036,0.21526061447844944,0.24830438818271358,0.8516378721836366,0.18055555555555555,0.0,,0.3008356545961003,0.328,0.3870967741935484,0.07920792079207921,0.01807908067077157,0.0002256760741077864,0.24813471017584818,0.22096317280453256,0.23870967741935484,0.10606060606060606,0.11290322580645161,0.2747524752475248,0.15286624203821655,0.28773584905660377,0.041666666666666664,0.18548387096774194,0.32019704433497537,0.10714285714285714,0.4405377456049638,0.3903133903133903,0.14457831325301204,0.18,0.25,0.2013888888888889,0.07725321888412018,0.25380710659898476,0.16042780748663102,0.112,0.4928131416837782,,
go_emotions,12,0.29485363550519356,0.21534571471421873,0.25947500945668134,0.8516378721836366,0.20134228187919462,0.0,,0.2918918918918919,0.3254901960784314,0.3609467455621302,0.09195402298850575,0.020279472386845212,0.002314546786947872,0.257757053429562,0.25069637883008355,0.23178807947019867,0.17886178861788618,0.128,0.28078817733990147,0.1375,0.29545454545454547,0.078125,0.288135593220339,0.3310344827586207,0.1,0.4481675392670157,0.4373259052924791,0.16216216216216217,0.13725490196078433,0.0,0.13768115942028986,0.0967741935483871,0.2701298701298701,0.14130434782608695,0.11666666666666667,0.5102040816326531,,
go_emotions,13,0.3031161473087819,0.21892576518089274,0.26743888781322755,0.8516378721836366,0.1925925925925926,0.0,,0.2803234501347709,0.36608863198458574,0.37920489296636084,0.06521739130434782,0.018146154716177924,-0.0013390232487531606,0.2684184924601813,0.23497267759562843,0.21568627450980393,0.12598425196850394,0.13389121338912133,0.2962056303549572,0.15555555555555556,0.2824601366742597,0.05925925925925926,0.270042194092827,0.3961352657004831,0.125,0.46311475409836067,0.42075736325385693,0.14084507042253522,0.18095238095238095,0.0,0.11604095563139932,0.104,0.2736842105263158,0.16393442622950818,0.1414141414141414,0.5465587044534413,,
go_emotions,14,0.31940509915014165,0.23494894858844487,0.2834607393402421,0.8516378721836366,0.2,0.0,,0.30563002680965146,0.3602251407129456,0.3742690058479532,0.10810810810810811,0.02466369853989228,0.004567032859086657,0.2801732669977719,0.2774869109947644,0.2781456953642384,0.11475409836065574,0.17040358744394618,0.30133657351154314,0.14201183431952663,0.2645739910313901,0.06956521739130435,0.2723404255319149,0.35764705882352943,0.0963855421686747,0.4760935910478128,0.4444444444444444,0.24615384615384617,0.1306532663316583,0.0,0.22435897435897437,0.13953488372093023,0.32020997375328086,0.20481927710843373,0.16,0.5394190871369294,,
go_emotions,15,0.31916902738432484,0.23917429624989,0.28322661711820035,0.8516378721836366,0.2302158273381295,0.0,,0.3133159268929504,0.39194139194139194,0.37960339943342775,0.0963855421686747,0.01926015738299936,-0.0015284574244677032,0.28432050275929727,0.2594594594594595,0.2732919254658385,0.08333333333333333,0.1504424778761062,0.30656934306569344,0.1375,0.2555066079295154,0.061068702290076333,0.24561403508771928,0.38072289156626504,0.09876543209876543,0.4758974358974359,0.46174863387978143,0.15873015873015872,0.14054054054054055,0.2857142857142857,0.1830065359477124,0.15384615384615385,0.30446194225721784,0.16666666666666666,0.16666666666666666,0.5358649789029536,,
go_emotions,16,0.333805476864967,0.24672909388573674,0.2983988162545131,0.8516378721836366,0.22727272727272727,0.0,,0.29,0.38979963570127507,0.3905325443786982,0.10126582278481013,0.021168946860486624,3.9206250882155874e-05,0.29837130802398937,0.31088082901554404,0.28846153846153844,0.1694915254237288,0.16,0.34393404004711425,0.17391304347826086,0.27522935779816515,0.06060606060606061,0.24896265560165975,0.39603960396039606,0.1282051282051282,0.4911550468262227,0.46364883401920437,0.2153846153846154,0.14736842105263157,0.0,0.22082018927444794,0.12903225806451613,0.27638190954773867,0.2543352601156069,0.19047619047619047,0.5652173913043478,,
go_emotions,17,0.34537299338999056,0.2564473381549113,0.30931347679261145,0.8516378721836366,0.23076923076923078,0.0,,0.2982005141388175,0.3978102189781022,0.423728813559322,0.09876543209876543,0.019445727553553498,-0.00186506076910406,0.3105992510836064,0.3,0.35064935064935066,0.16666666666666666,0.14814814814814814,0.37139561707035756,0.14814814814814814,0.2838137472283814,0.07874015748031496,0.2510460251046025,0.38642297650130547,0.14285714285714285,0.5040485829959515,0.4583901773533424,0.1935483870967742,0.1791044776119403,0.0,0.24203821656050956,0.12698412698412698,0.30025445292620867,0.25,0.2898550724637681,0.5591397849462365,,
go_emotions,18,0.34419263456090654,0.2654601620339669,0.30789106101371155,0.8516378721836366,0.2857142857142857,0.0,,0.32558139534883723,0.38649155722326456,0.4297520661157025,0.09411764705882353,0.020139790235104198,-0.002576880144747003,0.3096699587902274,0.2949061662198391,0.3086816720257235,0.14754098360655737,0.15384615384615385,0.3653179190751445,0.18518518518518517,0.27074235807860264,0.04918032786885246,0.2801556420233463,0.4,0.1935483870967742,0.4930139720558882,0.4747612551159618,0.18181818181818182,0.1693121693121693,0.3333333333333333,0.2280130293159609,0.15384615384615385,0.29842931937172773,0.1509433962264151,0.21951219512195122,0.5591397849462365,,
go_emotions,19,0.34254013220018886,0.25007701976114977,0.3062000198228414,0.8516378721836366,0.21875,0.0,,0.3163265306122449,0.4022140221402214,0.41025641025641024,0.12987012987012986,0.017926684208650297,-0.004721016453920449,0.3094600701935467,0.3288409703504043,0.33226837060702874,0.13675213675213677,0.13930348258706468,0.3582089552238806,0.18518518518518517,0.3103448275862069,0.030303030303030304,0.2672413793103448,0.3802469135802469,0.13513513513513514,0.509683995922528,0.4702702702702703,0.25,0.12435233160621761,0.0,0.20512820512820512,0.11336032388663968,0.2909090909090909,0.1566265060240964,0.25316455696202533,0.5474137931034483,,
go_emotions,20,0.34254013220018886,0.25040045112058346,0.3055901006161721,0.8516378721836366,0.21212121212121213,0.0,,0.34271099744245526,0.4043321299638989,0.4068767908309456,0.1038961038961039,0.028944919746073956,0.005705982651843286,0.30160507126869596,0.30517711171662126,0.3257328990228013,0.14035087719298245,0.11940298507462686,0.35172413793103446,0.18666666666666668,0.27705627705627706,0.032520325203252036,0.2619047619047619,0.370757180156658,0.16393442622950818,0.5050505050505051,0.47137150466045274,0.27586206896551724,0.13541666666666666,0.0,0.23974763406940064,0.09701492537313433,0.3185378590078329,0.14285714285714285,0.24691358024691357,0.5732758620689655,,
go_emotions,21,0.34490084985835695,0.25415571873802684,0.3075110882698643,0.8516378721836366,0.25196850393700787,0.0,,0.32124352331606215,0.3851851851851852,0.423728813559322,0.1388888888888889,0.021875565294804666,-0.0029783116767843764,0.30956741170960206,0.31978319783197834,0.2931596091205212,0.12121212121212122,0.12440191387559808,0.35280898876404493,0.16568047337278108,0.30042918454935624,0.057692307692307696,0.27049180327868855,0.38974358974358975,0.14925373134328357,0.5071283095723014,0.47167325428194995,0.2711864406779661,0.18274111675126903,0.0,0.2719033232628399,0.16793893129770993,0.29292929292929293,0.1476510067114094,0.2191780821917808,0.5183585313174947,,
go_emotions,22,0.34773371104815864,0.2502328654519987,0.30937324572741515,0.8516378721836366,0.23931623931623933,0.0,,0.31496062992125984,0.38267148014440433,0.431266846361186,0.11428571428571428,0.02489012651473235,0.002214598559178568,0.30784039005250385,0.30601092896174864,0.3261538461538461,0.18181818181818182,0.12322274881516587,0.4008859357696567,0.16551724137931034,0.2537634408602151,0.037037037037037035,0.2723404255319149,0.39097744360902253,0.12,0.5020242914979757,0.47631241997439183,0.25925925925925924,0.16129032258064516,0.0,0.22153846153846155,0.138996138996139,0.2638522427440633,0.1643835616438356,0.2,0.55863539445629,,
go_emotions,23,0.352219074598678,0.2551188014016993,0.31419978619721206,0.8516378721836366,0.23622047244094488,0.0,,0.3171355498721228,0.41637010676156583,0.4233983286908078,0.12698412698412698,0.02595522838192878,-0.0002866162720734294,0.31439629137629754,0.31607629427792916,0.32903225806451614,0.14414414414414414,0.14507772020725387,0.38521836506159013,0.21333333333333335,0.32409381663113007,0.05454545454545454,0.27615062761506276,0.37468354430379747,0.16666666666666666,0.4974721941354904,0.47753530166880614,0.16,0.15730337078651685,0.0,0.24633431085043989,0.11904761904761904,0.2564102564102564,0.175,0.26229508196721313,0.5427974947807933,,
go_emotions,24,0.34844192634560905,0.26879330379451394,0.3092421612240409,0.8516378721836366,0.25,0.0,,0.3269230769230769,0.34814814814814815,0.47058823529411764,0.14814814814814814,0.027018277227000537,0.001599743471410737,0.3081353552755431,0.3089005235602094,0.27450980392156865,0.1568627450980392,0.12682926829268293,0.4060475161987041,0.15714285714285714,0.31157894736842107,0.08333333333333333,0.2834008097165992,0.3929471032745592,0.16,0.4838709677419355,0.4738219895287958,0.26666666666666666,0.1164021164021164,0.4,0.25219941348973607,0.14184397163120568,0.27440633245382584,0.15492957746478872,0.21875,0.5379609544468547,,
go_emotions,25,0.3595372993389991,0.2851584367425766,0.32081011789091535,0.8516378721836366,0.19834710743801653,0.0,,0.35207823960880197,0.37681159420289856,0.45,0.13793103448275862,0.03023814629310766,0.006325223153303425,0.31648674401859195,0.3298429319371728,0.3184713375796178,0.10101010101010101,0.11891891891891893,0.41259500542888167,0.18055555555555555,0.2923728813559322,0.058823529411764705,0.30522088353413657,0.39267015706806285,0.24,0.5186680121089808,0.4854614412136536,0.2857142857142857,0.2057142857142857,0.6666666666666666,0.20630372492836677,0.1267605633802817,0.2962962962962963,0.1506849315068493,0.22950819672131148,0.5470085470085471,,
go_emotions,26,0.34702549575070823,0.24481812726005203,0.3065533098687125,0.8516378721836366,0.2037037037037037,0.0,,0.3415841584158416,0.36906854130052724,0.4533333333333333,0.14814814814814814,0.028980376430686846,0.0012241800739759526,0.30570336576365176,0.2849740932642487,0.3076923076923077,0.07142857142857142,0.1,0.37971952535059333,0.13432835820895522,0.3029045643153527,0.08333333333333333,0.264,0.37755102040816324,0.13043478260869565,0.49652432969215493,0.46272493573264784,0.20833333333333334,0.11320754716981132,0.0,0.2478386167146974,0.16296296296296298,0.28342245989304815,0.17777777777777778,0.20833333333333334,0.5415778251599147,,
go_emotions,27,0.3434844192634561,0.2500974428812469,0.30334357428961783,0.8516378721836366,0.25,0.0,,0.3103448275862069,0.3733826247689464,0.43820224719101125,0.18181818181818182,0.02911914184059172,0.0028502857157647965,0.3013522285262353,0.27461139896373055,0.29936305732484075,0.1,0.13930348258706468,0.3776824034334764,0.15492957746478872,0.2915811088295688,0.041666666666666664,0.2716049382716049,0.3802083333333333,0.16,0.4944500504540868,0.4837451235370611,0.23809523809523808,0.125,0.0,0.2096317280453258,0.13636363636363635,0.3125,0.1506849315068493,0.27450980392156865,0.5330490405117271,,
go_emotions,28,0.3519830028328612,0.2463200184320752,0.3114119822623348,0.8516378721836366,0.21153846153846154,0.0,,0.32592592592592595,0.3617391304347826,0.4270833333333333,0.18181818181818182,0.024470666149845836,-0.003612762641696012,0.3138907321931887,0.29508196721311475,0.3028391167192429,0.12631578947368421,0.0891089108910891,0.4177215189873418,0.16176470588235295,0.3220338983050847,0.08888888888888889,0.2591093117408907,0.3394255874673629,0.08695652173913043,0.5150905432595574,0.5051020408163265,0.1951219512195122,0.13333333333333333,0.0,0.21739130434782608,0.15017064846416384,0.2857142857142857,0.171875,0.21052631578947367,0.5152838427947598,,
go_emotions,29,0.35151085930122755,0.2549748256284764,0.31046153119486825,0.8516378721836366,0.3148148148148148,0.0,,0.35714285714285715,0.3745583038869258,0.4308510638297872,0.14285714285714285,0.027890166428218757,-0.0038792299260211978,0.3131260730875507,0.29110512129380056,0.30718954248366015,0.18823529411764706,0.1497326203208556,0.39403620873269435,0.18045112781954886,0.3054989816700611,0.07317073170731707,0.248,0.36503856041131105,0.19047619047619047,0.5089463220675944,0.4766708701134931,0.15384615384615385,0.1,0.0,0.21902017291066284,0.14285714285714285,0.2701298701298701,0.14634146341463414,0.3018867924528302,0.5064377682403434,,
go_emotions,30,0.3496222851746931,0.24927096313196517,0.30786996902356667,0.8516378721836366,0.2857142857142857,0.0,,0.3310344827586207,0.3737024221453287,0.43005181347150256,0.15789473684210525,0.027410584908646316,-0.0025912421706540414,0.3096588102266469,0.2789473684210526,0.3037974683544304,0.08571428571428572,0.125,0.3983050847457627,0.1774193548387097,0.3067484662576687,0.020833333333333332,0.24691358024691357,0.37433155080213903,0.1702127659574468,0.5059288537549407,0.47176913425345046,0.25,0.13986013986013987,0.0,0.21022727272727273,0.12040133779264214,0.27692307692307694,0.16666666666666666,0.23255813953488372,0.5386313465783664,,
go_emotions,31,0.34537299338999056,0.23763274530922224,0.30319543527228915,0.8516378721836366,0.24761904761904763,0.0,,0.3260340632603406,0.3672014260249554,0.41823056300268097,0.06060606060606061,0.03432216019836442,0.001295915240618874,0.3022912638876482,0.26842105263157895,0.30153846153846153,0.10526315789473684,0.1256544502617801,0.4012539184952978,0.13333333333333333,0.2903225806451613,0.07142857142857142,0.25210084033613445,0.3719676549865229,0.18604651162790697,0.5090543259557344,0.4792176039119804,0.15,0.16551724137931034,0.0,0.20725388601036268,0.13548387096774195,0.24864864864864866,0.13636363636363635,0.1568627450980392,0.5382932166301969,,
plutchik_wheel,0,0.02335456475583864,0.005071461502996772,0.0,0.8097746241687113,0.04564315352697095,0.0,,0.0,0.0,0.0,0.0,0.004971299712997129,0.0,0.0,,,,,,,,,,,,,,,0.0,,,,,,,,0.0,0.0
plutchik_wheel,1,0.14979948100967208,0.12632517406041657,0.0795415751526016,0.8097746241687113,0.0763888888888889,0.01422475106685633,,0.15494636471990464,0.16904083570750236,0.1654320987654321,0.017185821697099892,0.03858666744070007,-0.00022250641073200212,0.07974633749200924,,,,,,,,,,,,,,,0.3289057558507274,,,,,,,,0.07343941248470012,0.13736263736263737
plutchik_wheel,2,0.14437367303609341,0.12477674290617825,0.082986155522491,0.8097746241687113,0.07260726072607261,0.004597701149425287,,0.12158808933002481,0.16615384615384615,0.20239680426098536,0.02131782945736434,0.03663191927629216,0.0017499997593929885,0.08137856823793413,,,,,,,,,,,,,,,0.31480241125251174,,,,,,,,0.04467805519053877,0.17484868863483524
plutchik_wheel,3,0.19202642132578437,0.1592667448078916,0.1156834216171037,0.8097746241687113,0.09491525423728814,0.0051813471502590676,,0.18318965517241378,0.18867924528301888,0.22955523672883787,0.034666666666666665,0.04800187640106404,0.0011441079120833512,0.11467050914181212,,,,,,,,,,,,,,,0.3475493316359007,,,,,,,,0.08663366336633663,0.263030303030303
plutchik_wheel,4,0.22505307855626328,0.17742873268392592,0.134208819383248,0.8097746241687113,0.09615384615384616,0.006600660066006601,,0.17668711656441718,0.20412844036697247,0.27586206896551724,0.0449438202247191,0.05737193288254267,0.004338034232312184,0.13043662368964873,,,,,,,,,,,,,,,0.33421750663129973,,,,,,,,0.09069212410501193,0.3675730110775428
plutchik_wheel,5,0.2823779193205945,0.21842595919114516,0.18364221553007784,0.8097746241687113,0.1292929292929293,0.006920415224913495,,0.22371364653243847,0.23394495412844038,0.34146341463414637,0.04868913857677903,0.07457638882138304,0.003244627424460421,0.18098481640433386,,,,,,,,,,,,,,,0.42435424354243545,,,,,,,,0.1728395061728395,0.38461538461538464
plutchik_wheel,6,0.3474876150035386,0.2702449475456879,0.2507744533843492,0.8097746241687113,0.15028901734104047,0.02962962962962963,,0.3186022610483042,0.26814268142681424,0.3945578231292517,0.09156626506024096,0.07354599513713474,0.003017879631191826,0.24850653656808425,,,,,,,,,,,,,,,0.5067873303167421,,,,,,,,0.2717900656044986,0.40083945435466944
plutchik_wheel,7,0.3706062750648738,0.2840631795997939,0.2720067937949674,0.8097746241687113,0.156,0.043010752688172046,,0.33669354838709675,0.27629911280101394,0.4108967082860386,0.10079575596816977,0.08007197731246353,0.008863548093825058,0.265496486578674,,,,,,,,,,,,,,,0.5538128718226069,,,,,,,,0.26291079812206575,0.4161490683229814
plutchik_wheel,8,0.38358103326256193,0.29235638483686577,0.2850642258112437,0.8097746241687113,0.17582417582417584,0.02197802197802198,,0.36293436293436293,0.280970625798212,0.42342342342342343,0.09883720930232558,0.07546562809208406,-0.00413367473507726,0.28800737175020114,,,,,,,,,,,,,,,0.5545851528384279,,,,,,,,0.2798573975044563,0.4327970939283861
plutchik_wheel,9,0.4003302665723048,0.3051079248032855,0.3026034970680899,0.8097746241687113,0.17463617463617465,0.02702702702702703,,0.35364635364635366,0.30933333333333335,0.4512471655328798,0.10682492581602374,0.07240427735398593,-0.008765023995114031,0.30866308174530055,,,,,,,,,,,,,,,0.5838709677419355,,,,,,,,0.29642545771578027,0.44295991778006166
plutchik_wheel,10,0.42722340174569473,0.33391278252441225,0.3283047794702405,0.8097746241687113,0.1958997722095672,0.10909090909090909,,0.3783251231527094,0.3364485981308411,0.4685714285714286,0.12318840579710146,0.08602115337456054,0.0017276489130897954,0.327142317626624,,,,,,,,,,,,,,,0.5801608579088472,,,,,,,,0.3250414593698176,0.48848848848848847
plutchik_wheel,11,0.44090587402689313,0.3435861535099297,0.34360498974103654,0.8097746241687113,0.21076233183856502,0.10256410256410256,,0.4061597690086622,0.3521505376344086,0.484304932735426,0.11857707509881422,0.08304609732605482,-0.003440709412965692,0.34585571015653876,,,,,,,,,,,,,,,0.5937334041423261,,,,,,,,0.33447098976109213,0.48955223880597015
plutchik_wheel,12,0.45057796650153337,0.35093627758713,0.35498122068193694,0.8097746241687113,0.2242152466367713,0.09523809523809523,,0.41025641025641024,0.37362637362637363,0.47533632286995514,0.12213740458015267,0.08742409433817339,0.0002456498000715955,0.35482273301529144,,,,,,,,,,,,,,,0.6048728813559322,,,,,,,,0.34775374376039936,0.5049900199600799
plutchik_wheel,13,0.46142958244869076,0.3587807772526317,0.364422231465419,0.8097746241687113,0.2112676056338028,0.13793103448275862,,0.4159378036929057,0.36092265943012214,0.4754285714285714,0.1187214611872146,0.09515413797440621,0.0060721149345827835,0.3605393529202079,,,,,,,,,,,,,,,0.6257217847769029,,,,,,,,0.37692932575142163,0.5061667488899853
plutchik_wheel,14,0.4720452937013447,0.36180062016800035,0.37517624764483914,0.8097746241687113,0.24,0.0625,,0.4365079365079365,0.36694677871148457,0.4898419864559819,0.13392857142857142,0.08818926118779576,-0.004486613048849282,0.3779670687111736,,,,,,,,,,,,,,,0.6248021108179419,,,,,,,,0.37756714060031593,0.5241110569897711
plutchik_wheel,15,0.4760556735079028,0.372573753223995,0.38063101390560394,0.8097746241687113,0.23529411764705882,0.13793103448275862,,0.4280155642023346,0.36464088397790057,0.5224215246636771,0.1319796954314721,0.08200670274633823,-0.012565257296704803,0.38831696857943176,,,,,,,,,,,,,,,0.6259220231822972,,,,,,,,0.38156831042845596,0.525390625
plutchik_wheel,16,0.49233309742863884,0.3796625873131155,0.39848565575291367,0.8097746241687113,0.255,0.08695652173913043,,0.4532304725168756,0.3878954607977992,0.5056947608200456,0.14054054054054055,0.0872873533062045,-0.004074138082632843,0.4009263644657451,,,,,,,,,,,,,,,0.6412930135557873,,,,,,,,0.40729001584786056,0.5390625
plutchik_wheel,17,0.5001179523472518,0.3803282641393584,0.4056680551169944,0.8097746241687113,0.25,0.08695652173913043,,0.45681381957773515,0.39557399723374825,0.5074626865671642,0.11695906432748537,0.090297904341655,-0.0020346297951583975,0.40687484522914913,,,,,,,,,,,,,,,0.6511387163561076,,,,,,,,0.4012588512981904,0.5567907201546641
plutchik_wheel,18,0.49728709601321064,0.38725354245500715,0.40227234656336147,0.8097746241687113,0.24671916010498687,0.17391304347826086,,0.44573643410852715,0.3835616438356164,0.5045871559633027,0.11834319526627218,0.09586484714950103,0.0037815539859103768,0.4000034271316988,,,,,,,,,,,,,,,0.6493236212278877,,,,,,,,0.41037735849056606,0.5527202696196437
plutchik_wheel,19,0.4942203349846662,0.37944571480384337,0.39950626010311374,0.8097746241687113,0.27146814404432135,0.08695652173913043,,0.4641509433962264,0.3741403026134801,0.5130533484676504,0.12716763005780346,0.09845708340328524,0.0061780999378399995,0.3957732870856161,,,,,,,,,,,,,,,0.648062015503876,,,,,,,,0.3924941360437842,0.5375183913683178
plutchik_wheel,20,0.503656522764803,0.39217557150871546,0.40996064904971014,0.8097746241687113,0.2535211267605634,0.15384615384615385,,0.47451343836886006,0.375,0.5103926096997691,0.147239263803681,0.09820891651801422,0.0030670278645678496,0.4081454145443454,,,,,,,,,,,,,,,0.6673532440782698,,,,,,,,0.40384615384615385,0.5438681531749879
plutchik_wheel,21,0.5069591884878509,0.3976864151788618,0.413776354018881,0.8097746241687113,0.2430939226519337,0.2,,0.4803738317757009,0.37551020408163266,0.5331781140861467,0.125,0.09355335059911168,-0.007276160348868063,0.4180109993091849,,,,,,,,,,,,,,,0.6608427543679343,,,,,,,,0.41227380015735643,0.5489051094890511
plutchik_wheel,22,0.502476999292286,0.3849628169478472,0.40691308307186763,0.8097746241687113,0.2404692082111437,0.10526315789473684,,0.46110056925996207,0.36464088397790057,0.528344671201814,0.15384615384615385,0.092386617507274,-0.011077987664387948,0.4134113053947737,,,,,,,,,,,,,,,0.6635658914728683,,,,,,,,0.40092879256965946,0.5465060240963855
plutchik_wheel,23,0.5041283321538098,0.39563954831612036,0.4074899561383893,0.8097746241687113,0.24096385542168675,0.2222222222222222,,0.4575645756457565,0.36363636363636365,0.49941656942823803,0.14388489208633093,0.10330291824249345,0.005873301019582261,0.40398940651197424,,,,,,,,,,,,,,,0.6663223140495868,,,,,,,,0.4138996138996139,0.5528455284552846
plutchik_wheel,24,0.4968152866242038,0.39325110022179,0.3976631914426026,0.8097746241687113,0.2839506172839506,0.2222222222222222,,0.4597918637653737,0.33618233618233617,0.5124716553287982,0.13333333333333333,0.09370629341227221,-0.00501731975601604,0.4006702205852291,,,,,,,,,,,,,,,0.6519052523171988,,,,,,,,0.400904295403165,0.5384983261597321
plutchik_wheel,25,0.5123849964614295,0.3898938875445908,0.41544772016792864,0.8097746241687113,0.2236024844720497,0.125,,0.47706422018348627,0.3609467455621302,0.5300925925925926,0.14492753623188406,0.10314317270528611,0.0035956039595942397,0.4133383170979438,,,,,,,,,,,,,,,0.6676907322068613,,,,,,,,0.4277016742770167,0.5520190023752969
plutchik_wheel,26,0.4989384288747346,0.3797617416391206,0.3976625830184656,0.8097746241687113,0.22910216718266255,0.125,,0.4604051565377532,0.3387334315169367,0.508274231678487,0.1565217391304348,0.10453600161927487,0.004769421149123343,0.3947760149441837,,,,,,,,,,,,,,,0.6562184024266936,,,,,,,,0.39909297052154197,0.5445075757575758
plutchik_wheel,27,0.5005897617362586,0.38476638409830116,0.4005328474901383,0.8097746241687113,0.2476780185758514,0.125,,0.4568245125348189,0.35694050991501414,0.5081585081585082,0.15789473684210525,0.10241168839141936,-0.002590467462780135,0.40208173530024494,,,,,,,,,,,,,,,0.6556188503366132,,,,,,,,0.4147257700976709,0.5400565504241281
plutchik_wheel,28,0.4956357631516867,0.37879183069749767,0.39302717380479363,0.8097746241687113,0.24183006535947713,0.15384615384615385,,0.4598737601442741,0.32791728212703103,0.5022935779816514,0.1346153846153846,0.0996326529551374,-0.002565484602397583,0.39458036854727485,,,,,,,,,,,,,,,0.6469979296066253,,,,,,,,0.39638281838733985,0.5453695042095417
plutchik_wheel,29,0.4982307147912243,0.3922396497210801,0.3967297547421115,0.8097746241687113,0.2251655629139073,0.25,,0.45413260672116257,0.33578792341678937,0.5034013605442177,0.15517241379310345,0.10473823659792487,0.0030752925627003493,0.394868799261021,,,,,,,,,,,,,,,0.6566390041493776,,,,,,,,0.4072948328267477,0.5425631431244153
plutchik_wheel,30,0.4897381457891012,0.3769004732538874,0.3856212159842297,0.8097746241687113,0.23367697594501718,0.15384615384615385,,0.43258426966292135,0.3455056179775281,0.47596717467760846,0.16822429906542055,0.09704258932790183,-0.010621972867534244,0.3920785412249303,,,,,,,,,,,,,,,0.6503067484662577,,,,,,,,0.39201183431952663,0.5399811853245532
plutchik_wheel,31,0.4895022410945978,0.37320283323776415,0.3844734738962458,0.8097746241687113,0.20945945945945946,0.15384615384615385,,0.4618181818181818,0.36476043276661513,0.47791619479048697,0.13333333333333333,0.10369141757502001,-0.0029625213630301134,0.38629159814740516,,,,,,,,,,,,,,,0.6427473090722706,,,,,,,,0.3833580980683507,0.5315863359850257
