slot,taxonomy,layer,macro_f1,control_f1,normalized_f1
last_token_activation,ekman_basic_emotions,0,0.1394762047902128,0.11270034391761925,0.030176796180463712
last_token_activation,ekman_basic_emotions,1,0.1464887273575046,0.13591411801718098,0.012237914726783922
last_token_activation,ekman_basic_emotions,2,0.1949584014876992,0.14365977246586248,0.05990449516724557
last_token_activation,ekman_basic_emotions,3,0.21217025966368747,0.14704932700403386,0.07634782962409548
last_token_activation,ekman_basic_emotions,4,0.24566280323262477,0.14660181695497423,0.11607827183811102
last_token_activation,ekman_basic_emotions,5,0.2625223104017878,0.14579301582334547,0.13665223621527087
last_token_activation,ekman_basic_emotions,6,0.2684002343056822,0.13326734713878527,0.1559106914004024
last_token_activation,ekman_basic_emotions,7,0.26673739290954274,0.13796167738397838,0.14938514001879824
last_token_activation,ekman_basic_emotions,8,0.27593805410493843,0.14469628235780174,0.15344464082177584
last_token_activation,ekman_basic_emotions,9,0.2785233517977855,0.13623381766780815,0.16473154082716202
last_token_activation,ekman_basic_emotions,10,0.27576425490570045,0.13638380846514472,0.16139165500457198
last_token_activation,ekman_basic_emotions,11,0.28808121569528466,0.14580967022981187,0.16655719516720544
last_token_activation,ekman_basic_emotions,12,0.29575411511257055,0.13966356110016312,0.1814296674589416
last_token_activation,ekman_basic_emotions,13,0.3108060895397898,0.14367351863759822,0.19517389049593128
last_token_activation,ekman_basic_emotions,14,0.2902026520443724,0.14141551940520097,0.1732935267314599
last_token_activation,ekman_basic_emotions,15,0.2862897322008416,0.1387945901105129,0.17126592610380348
last_token_activation,ekman_basic_emotions,16,0.282552377179525,0.15219928412681835,0.15375440314231295
last_token_activation,ekman_basic_emotions,17,0.27646961369537026,0.13254020632987917,0.16592055149500662
last_token_activation,ekman_basic_emotions,18,0.2800040116144324,0.14387418645764943,0.15900679900483916
last_token_activation,ekman_basic_emotions,19,0.2958934592958097,0.13649867650041228,0.1845912431835126
last_token_activation,ekman_basic_emotions,20,0.31622662713933825,0.13763486665845304,0.20709529360129225
last_token_activation,ekman_basic_emotions,21,0.3200233003271275,0.1376414649787965,0.211491888746537
last_token_activation,ekman_basic_emotions,22,0.31340216459404496,0.13926214444019247,0.20231481516587316
last_token_activation,ekman_basic_emotions,23,0.30864844258599816,0.14620699615001848,0.1902585822365464
last_token_activation,ekman_basic_emotions,24,0.3015711913135689,0.13783255203587305,0.18991512572683988
last_token_activation,ekman_basic_emotions,25,0.3168067114565299,0.13014711105798604,0.21458755011502517
last_token_activation,ekman_basic_emotions,26,0.3154114148130052,0.14852834094274514,0.19599369173958436
last_token_activation,ekman_basic_emotions,27,0.29564422792553435,0.14280045375401676,0.17830594386205767
last_token_activation,ekman_basic_emotions,28,0.28787691898306417,0.13768628026896973,0.17417169097221527
last_token_activation,ekman_basic_emotions,29,0.31309039895288915,0.1419819193974201,0.19942292991693228
last_token_activation,ekman_basic_emotions,30,0.3351887065996528,0.14250205856912931,0.2247080007084278
last_token_activation,ekman_basic_emotions,31,0.3344980273647525,0.14303687640967547,0.22341819115031833
last_token_activation,ekman_basic_emotions,32,0.32252474746324183,0.14314703920305016,0.2093447959768434
last_token_activation,ekman_basic_emotions,33,0.3156798437887377,0.13537718399876578,0.20853331239146314
last_token_activation,ekman_basic_emotions,34,0.3151710567343188,0.13421904908336288,0.20900437629099455
last_token_activation,ekman_basic_emotions,35,0.3284254346714783,0.1410128805351333,0.2181785382918193
last_token_activation,ekman_basic_emotions,36,0.32752328477993553,0.1393962692932094,0.21859888445082906
last_token_activation,ekman_basic_emotions,37,0.3366657100940018,0.14153616793869836,0.22730083070217166
last_token_activation,ekman_basic_emotions,38,0.3461406814148497,0.133496135671177,0.2454051903258193
last_token_activation,ekman_basic_emotions,39,0.3325915935976792,0.1425905845625648,0.221598930002628
last_token_activation,ekman_basic_emotions,40,0.34208376582582695,0.1444664543966145,0.2309872154572713
last_token_activation,ekman_basic_emotions,41,0.35437863343470616,0.13807832277023538,0.25095123649710815
last_token_activation,ekman_basic_emotions,42,0.37496005474042127,0.14404648097291617,0.26977349661459665
last_token_activation,ekman_basic_emotions,43,0.36876771877021597,0.13589601063177778,0.26949500407780685
last_token_activation,ekman_basic_emotions,44,0.3737443091820948,0.13899805009031435,0.27264312132673335
last_token_activation,ekman_basic_emotions,45,0.3791668727826741,0.13878297355832264,0.2791211644033033
last_token_activation,ekman_basic_emotions,46,0.3889485648642789,0.14439943663179192,0.2858216073044416
last_token_activation,ekman_basic_emotions,47,0.3916939946876469,0.1497851886452623,0.2845266899748848
last_token_activation,ekman_basic_emotions,48,0.4009298936692625,0.13951646157897155,0.3037982952817202
last_token_activation,ekman_basic_emotions,49,0.3874279613451464,0.14333861855327537,0.28493095180694894
last_token_activation,ekman_basic_emotions,50,0.4124785130944675,0.13889893697662373,0.31770902146757296
last_token_activation,ekman_basic_emotions,51,0.4017737115759052,0.14048933724755422,0.3039920103976714
last_token_activation,ekman_basic_emotions,52,0.4195916129196452,0.14099823045382545,0.32432224512529867
last_token_activation,ekman_basic_emotions,53,0.41592857534689787,0.13510717620957835,0.32468924635842206
last_token_activation,ekman_basic_emotions,54,0.4004231728114611,0.1374808141533653,0.3048539243796599
last_token_activation,ekman_basic_emotions,55,0.37952566926395054,0.1364944865393172,0.2814471696314178
last_token_activation,ekman_basic_emotions,56,0.3906042895210895,0.13711234100197792,0.29377166989902753
last_token_activation,ekman_basic_emotions,57,0.38732453315022874,0.13937976934365662,0.28810008755834093
last_token_activation,ekman_basic_emotions,58,0.3942298052963631,0.13443655100897967,0.3001435129801543
last_token_activation,ekman_basic_emotions,59,0.4055388762235528,0.14770172457180675,0.3025198561175183
last_token_activation,ekman_basic_emotions,60,0.39505942441905,0.14516647227453164,0.29232937646869184
last_token_activation,go_emotions,0,0.03661342413728301,0.02607481076304194,0.010820762714328979
last_token_activation,go_emotions,1,0.06421720435072575,0.040458299606943526,0.024760679743308586
last_token_activation,go_emotions,2,0.1032976029593176,0.034409855076250113,0.07134263770733427
last_token_activation,go_emotions,3,0.11561461595704729,0.04080935675546707,0.07798789503257239
last_token_activation,go_emotions,4,0.13252221165004535,0.03378862686212656,0.1021863202326744
last_token_activation,go_emotions,5,0.13043277625456348,0.04003455812078227,0.09416820042690147
last_token_activation,go_emotions,6,0.146011760472787,0.03818814476011054,0.11210468567762011
last_token_activation,go_emotions,7,0.145671608028091,0.03918449355257183,0.11082992911849482
last_token_activation,go_emotions,8,0.1519254066329282,0.04109281858085074,0.11558218584623497
last_token_activation,go_emotions,9,0.16196186063510662,0.0387088919908297,0.1282160706755452
last_token_activation,go_emotions,10,0.17338515900415163,0.03787039009376067,0.1408487666475591
last_token_activation,go_emotions,11,0.15955109854080027,0.0376392222690785,0.12668001345521235
last_token_activation,go_emotions,12,0.15985579896743526,0.04434879932524335,0.12086732016936293
last_token_activation,go_emotions,13,0.14267534573844567,0.039310018472187465,0.10759488414969563
last_token_activation,go_emotions,14,0.13448274315976463,0.037888292590208004,0.10039837352110524
last_token_activation,go_emotions,15,0.15893739030556095,0.03798111905936902,0.12573170198897218
last_token_activation,go_emotions,16,0.16584348451456,0.03816649879093793,0.13274333402104121
last_token_activation,go_emotions,17,0.15062296511736448,0.03947405711470578,0.11571671626981976
last_token_activation,go_emotions,18,0.17882975640329726,0.03699622753952774,0.14728242289371846
last_token_activation,go_emotions,19,0.19425625447482883,0.03863830193862839,0.16187242829624993
last_token_activation,go_emotions,20,0.18306912810530515,0.03899601197517851,0.14991937382720352
last_token_activation,go_emotions,21,0.17350203522160498,0.04095245499321556,0.1382096027652641
last_token_activation,go_emotions,22,0.1667754812313012,0.03698034754764178,0.13477931977102672
last_token_activation,go_emotions,23,0.15627948503093642,0.03679306568842338,0.1240506220274591
last_token_activation,go_emotions,24,0.15372573147037602,0.037223342152193244,0.1210066616889243
last_token_activation,go_emotions,25,0.16490405355820925,0.034437634028251216,0.13511961953763152
last_token_activation,go_emotions,26,0.15140698003386888,0.04395423037831899,0.1123928927566619
last_token_activation,go_emotions,27,0.16236933007120136,0.037566328036372595,0.1296743928131656
last_token_activation,go_emotions,28,0.16422503205286484,0.04452155541743153,0.12528119008245092
last_token_activation,go_emotions,29,0.171273784702624,0.04060781943131917,0.1361966127281259
last_token_activation,go_emotions,30,0.15365426537131482,0.04234818393392278,0.11622813173855247
last_token_activation,go_emotions,31,0.16702107906272595,0.04291569263502364,0.12967027614253393
last_token_activation,go_emotions,32,0.16429167461478666,0.03843517959056461,0.13088716678573184
last_token_activation,go_emotions,33,0.14452679546832845,0.03437409188132038,0.11407388996181513
last_token_activation,go_emotions,34,0.15528866829484878,0.04620840662588608,0.11436488057425896
last_token_activation,go_emotions,35,0.1372441251975331,0.03734674864660263,0.10377295917349721
last_token_activation,go_emotions,36,0.15321131292804652,0.034393163348588836,0.12305023646218408
last_token_activation,go_emotions,37,0.14997791797193907,0.04274654711139115,0.11201983188147972
last_token_activation,go_emotions,38,0.17414524360237235,0.03442793541479613,0.14469899587204482
last_token_activation,go_emotions,39,0.1609003985515155,0.041751154017979415,0.12434060842664628
last_token_activation,go_emotions,40,0.17288331873477877,0.035741591472355665,0.14222507789362085
last_token_activation,go_emotions,41,0.173984296491173,0.0385847509726592,0.14083357389587575
last_token_activation,go_emotions,42,0.18757043583115648,0.04194005763944802,0.15200549751917566
last_token_activation,go_emotions,43,0.19099001435440857,0.039791091684062745,0.15746461146202664
last_token_activation,go_emotions,44,0.19597307030632583,0.03640728367326426,0.1655946375781403
last_token_activation,go_emotions,45,0.1907606113588221,0.037762762481749,0.15900221162888759
last_token_activation,go_emotions,46,0.20511299317043666,0.03690373504457702,0.17465466770722574
last_token_activation,go_emotions,47,0.20294101950524174,0.037091675104082344,0.17223793803951828
last_token_activation,go_emotions,48,0.20397541867081823,0.03807432679403847,0.1724676827928451
last_token_activation,go_emotions,49,0.20762607264360441,0.0320627783442361,0.18137880264491518
last_token_activation,go_emotions,50,0.20152641030971438,0.03859956819094023,0.16946824312549555
last_token_activation,go_emotions,51,0.2016905508670032,0.04213969672492055,0.1665700662158693
last_token_activation,go_emotions,52,0.2088360072971348,0.03824009941460876,0.17737889443996363
last_token_activation,go_emotions,53,0.20646430185620818,0.04429558997909616,0.16968500948275939
last_token_activation,go_emotions,54,0.20204543280584464,0.04166305741975664,0.16735489185491653
last_token_activation,go_emotions,55,0.2017253668139639,0.032316700784509954,0.17506622896850152
last_token_activation,go_emotions,56,0.20208566029642047,0.03498951889829672,0.17315474253435942
last_token_activation,go_emotions,57,0.20884737546440874,0.038171685014737805,0.17744922642694932
last_token_activation,go_emotions,58,0.18150503316925337,0.036604485280261,0.15040608522154614
last_token_activation,go_emotions,59,0.19528422062378042,0.04015686321231018,0.16161740545505746
last_token_activation,go_emotions,60,0.22164453405119067,0.04489349826942557,0.18505898081680605
last_token_activation,plutchik_wheel,0,0.14558100921826284,0.10846376926081647,0.04163290136472862
last_token_activation,plutchik_wheel,1,0.1291645000459114,0.11746761284682739,0.013253776710467511
last_token_activation,plutchik_wheel,2,0.20118529426401643,0.12382466864299742,0.08829354451374984
last_token_activation,plutchik_wheel,3,0.2230836295513529,0.11336990425647432,0.12374238797169743
last_token_activation,plutchik_wheel,4,0.25875753362025744,0.1230094639791693,0.1547885228693777
last_token_activation,plutchik_wheel,5,0.2659533310191887,0.12459974500408628,0.16147309211803038
last_token_activation,plutchik_wheel,6,0.2632293552143007,0.11222118145970354,0.1700966170863231
last_token_activation,plutchik_wheel,7,0.270703704143783,0.11836473826201814,0.17279137132225922
last_token_activation,plutchik_wheel,8,0.2879182852753801,0.11341868723736565,0.1968230048682895
last_token_activation,plutchik_wheel,9,0.29560415347627755,0.1185392179015633,0.2008767028218626
last_token_activation,plutchik_wheel,10,0.28538605894172214,0.12116075647461588,0.1868661460864348
last_token_activation,plutchik_wheel,11,0.2908279561588229,0.12236436444705014,0.1919516310497501
last_token_activation,plutchik_wheel,12,0.307259487569819,0.12047262867439208,0.21237185445849757
last_token_activation,plutchik_wheel,13,0.27422030145575643,0.12487030880688982,0.17066041085321873
last_token_activation,plutchik_wheel,14,0.26053985508131583,0.11948991888101786,0.1601911655810311
last_token_activation,plutchik_wheel,15,0.2942289790447474,0.1260913200766619,0.19239728684561758
last_token_activation,plutchik_wheel,16,0.302111819887745,0.11592148268361896,0.2106038474606379
last_token_activation,plutchik_wheel,17,0.3056503242305509,0.12140863477269771,0.20970122943353492
last_token_activation,plutchik_wheel,18,0.30765132318683897,0.12979397619193564,0.2043853318971418
last_token_activation,plutchik_wheel,19,0.312710794547934,0.12493730548256647,0.2145828981647058
last_token_activation,plutchik_wheel,20,0.3284638923023606,0.12319870426374614,0.23410684842368124
last_token_activation,plutchik_wheel,21,0.3408753118892468,0.11575842053911502,0.2545875432451206
last_token_activation,plutchik_wheel,22,0.3383718671958401,0.12327762624168814,0.24533905759937583
last_token_activation,plutchik_wheel,23,0.3384782551460753,0.13230995133332057,0.23760593328177457
last_token_activation,plutchik_wheel,24,0.3422596324536479,0.12098824857921087,0.2517274467796197
last_token_activation,plutchik_wheel,25,0.32189662805209246,0.12173647331943142,0.22790443716725226
last_token_activation,plutchik_wheel,26,0.3131377921996622,0.11866281567150544,0.22065899406744138
last_token_activation,plutchik_wheel,27,0.3534035015517301,0.12987662147617368,0.2568910175184262
last_token_activation,plutchik_wheel,28,0.325919190833426,0.12348042244303765,0.230957497783023
last_token_activation,plutchik_wheel,29,0.313728015567725,0.1377843334563019,0.20405994571719613
last_token_activation,plutchik_wheel,30,0.30362478798463993,0.1285621612541677,0.20088940248729759
last_token_activation,plutchik_wheel,31,0.3128229851818225,0.1281896073766475,0.21178157471786643
last_token_activation,plutchik_wheel,32,0.3044690845649052,0.12221931861244373,0.20762562883517693
last_token_activation,plutchik_wheel,33,0.3183635008988819,0.1162261390055677,0.2287206838928987
last_token_activation,plutchik_wheel,34,0.3149096793311468,0.12100152656038977,0.2206012395129365
last_token_activation,plutchik_wheel,35,0.3485107705658357,0.11721001519881301,0.262011077775326
last_token_activation,plutchik_wheel,36,0.3319299656493514,0.11876117309964662,0.24189673223943067
last_token_activation,plutchik_wheel,37,0.35188804379651095,0.1151074601823695,0.2675811728087798
last_token_activation,plutchik_wheel,38,0.3350447324740819,0.12327399311385545,0.24154723105838916
last_token_activation,plutchik_wheel,39,0.35534560138087545,0.1307424834071021,0.25838501673717756
last_token_activation,plutchik_wheel,40,0.3677770554160401,0.11664835852809431,0.284290745721032
last_token_activation,plutchik_wheel,41,0.3645695082635224,0.12167842257198862,0.2765400417496193
last_token_activation,plutchik_wheel,42,0.3530722971938029,0.12344079064153064,0.2619691905585403
last_token_activation,plutchik_wheel,43,0.36793104891038225,0.12752540412845076,0.27554457851208936
last_token_activation,plutchik_wheel,44,0.3915983496748924,0.1169381834963284,0.31103164132498984
last_token_activation,plutchik_wheel,45,0.3749752023901977,0.12284104562757205,0.28744408924493914
last_token_activation,plutchik_wheel,46,0.40371492004179266,0.12358876842905227,0.31962866462884154
last_token_activation,plutchik_wheel,47,0.38901940074727215,0.12442697766617505,0.30219343941848564
last_token_activation,plutchik_wheel,48,0.37981293989764564,0.12402012605055372,0.29200763790819007
last_token_activation,plutchik_wheel,49,0.37436144882466094,0.1300179132762195,0.280860421469828
last_token_activation,plutchik_wheel,50,0.3958901376416817,0.1206912593365931,0.3129718443347452
last_token_activation,plutchik_wheel,51,0.3867105156104703,0.1331005648402288,0.29254829393619425
last_token_activation,plutchik_wheel,52,0.40025737982525106,0.12183452675132696,0.31705055773136986
last_token_activation,plutchik_wheel,53,0.3821066231571126,0.11750058223401993,0.2998370713863298
last_token_activation,plutchik_wheel,54,0.37910090827912774,0.123373431263743,0.2917176893053115
last_token_activation,plutchik_wheel,55,0.37677246316360324,0.1206615045885178,0.29125411876258134
last_token_activation,plutchik_wheel,56,0.3702666625475567,0.12530433942182062,0.28005434823332087
last_token_activation,plutchik_wheel,57,0.404778753653173,0.11864840153129567,0.3246494958640929
last_token_activation,plutchik_wheel,58,0.4140879259633634,0.1271493993725691,0.3287372734629894
last_token_activation,plutchik_wheel,59,0.40268910089323107,0.11559304266727438,0.3246198549724291
last_token_activation,plutchik_wheel,60,0.4295399310107427,0.11765975300901106,0.3534692870072794
last_token_component_activation,ekman_basic_emotions,0,0.13919145185555923,0.11807446112879016,0.023944187798209164
last_token_component_activation,ekman_basic_emotions,1,0.13286608205518674,0.09451651100704028,0.042352590096145455
last_token_component_activation,ekman_basic_emotions,2,0.19559711456418863,0.14459438766370217,0.059624026502686805
last_token_component_activation,ekman_basic_emotions,3,0.2341911706197302,0.13951516155471388,0.11002635355676435
last_token_component_activation,ekman_basic_emotions,4,0.23480389344420569,0.14283669949107033,0.10729250062214635
last_token_component_activation,ekman_basic_emotions,5,0.26326986484737674,0.13711523955721042,0.14620101208582018
last_token_component_activation,ekman_basic_emotions,6,0.25423218638409584,0.13097631263326434,0.14183258240556615
last_token_component_activation,ekman_basic_emotions,7,0.27560936293679095,0.14476078076223456,0.15299647073151718
last_token_component_activation,ekman_basic_emotions,8,0.27042584918615636,0.14844296937220355,0.14324687064590721
last_token_component_activation,ekman_basic_emotions,9,0.2794556471098966,0.13374185927807183,0.16821058409954892
last_token_component_activation,ekman_basic_emotions,10,0.2972586656943577,0.14102732714947358,0.18188161682306583
last_token_component_activation,ekman_basic_emotions,11,0.2994985145116179,0.14251624615113268,0.18307316920683442
last_token_component_activation,ekman_basic_emotions,12,0.2890701344098238,0.1412663282902811,0.17211833073375213
last_token_component_activation,ekman_basic_emotions,13,0.29534014750315335,0.14504876106812406,0.17578942469607295
last_token_component_activation,ekman_basic_emotions,14,0.2880149888276865,0.13931503508265417,0.1727693172371292
last_token_component_activation,ekman_basic_emotions,15,0.2921240779069766,0.13448073698679977,0.18213729914151264
last_token_component_activation,ekman_basic_emotions,16,0.26785078561128844,0.14256590975719852,0.1461160423638075
last_token_component_activation,ekman_basic_emotions,17,0.28646501975171995,0.14140469799897204,0.1689507517857048
last_token_component_activation,ekman_basic_emotions,18,0.29437563646676496,0.1423719254457234,0.17723733111237103
last_token_component_activation,ekman_basic_emotions,19,0.2816818714843833,0.13511351687762999,0.1694654240376373
last_token_component_activation,ekman_basic_emotions,20,0.3028724549597856,0.13975211926852946,0.18962015407995494
last_token_component_activation,ekman_basic_emotions,21,0.2956151075814689,0.13533226464236278,0.18536928855430368
last_token_component_activation,ekman_basic_emotions,22,0.3025392336516897,0.14157267908722865,0.18751331725241957
last_token_component_activation,ekman_basic_emotions,23,0.29092653579616906,0.14089481627590275,0.17463719502878614
last_token_component_activation,ekman_basic_emotions,24,0.29780806056181447,0.1433971246909088,0.18025965160949176
last_token_component_activation,ekman_basic_emotions,25,0.3032161088944273,0.1397439810568469,0.19002729912707866
last_token_component_activation,ekman_basic_emotions,26,0.30707482775365147,0.14749118455582566,0.18719295367600333
last_token_component_activation,ekman_basic_emotions,27,0.299800836551485,0.14243813537091876,0.18350011546820574
last_token_component_activation,ekman_basic_emotions,28,0.31044344257992507,0.1408217529664633,0.19742316591360448
last_token_component_activation,ekman_basic_emotions,29,0.3164410350141855,0.13791269625129274,0.20708846770690015
last_token_component_activation,ekman_basic_emotions,30,0.3237036499965565,0.1503997701729511,0.20398285421707624
last_token_component_activation,ekman_basic_emotions,31,0.31103616070688417,0.14364139806478962,0.19547274034944434
last_token_component_activation,ekman_basic_emotions,32,0.3170561425615569,0.13984354449059275,0.20602367968745197
last_token_component_activation,ekman_basic_emotions,33,0.30363194782584896,0.1384916869062918,0.19168736785200874
last_token_component_activation,ekman_basic_emotions,34,0.295401406928432,0.13782598359146916,0.18276521947780155
last_token_component_activation,ekman_basic_emotions,35,0.3253541400687396,0.1393384606500453,0.21613104677500666
last_token_component_activation,ekman_basic_emotions,36,0.3350149583060335,0.1350173155830815,0.23121577613749533
last_token_component_activation,ekman_basic_emotions,37,0.32324818462518584,0.14566929969617734,0.20785731434660693
last_token_component_activation,ekman_basic_emotions,38,0.3263547030340831,0.13880263113852745,0.21778059092714697
last_token_component_activation,ekman_basic_emotions,39,0.3391618286905608,0.14488712484646418,0.22719188248594022
last_token_component_activation,ekman_basic_emotions,40,0.3201229719994902,0.15016313768057363,0.199991129891744
last_token_component_activation,ekman_basic_emotions,41,0.3516785244192658,0.1421138197482712,0.24428031304747466
last_token_component_activation,ekman_basic_emotions,42,0.33080511667579177,0.14294447778567665,0.2191930791190176
last_token_component_activation,ekman_basic_emotions,43,0.3580663538531386,0.14858726758486088,0.2460370608671355
last_token_component_activation,ekman_basic_emotions,44,0.3791871767757656,0.1412125432174266,0.27710539048847455
last_token_component_activation,ekman_basic_emotions,45,0.34689887611005205,0.14454326592642996,0.23654686686494575
last_token_component_activation,ekman_basic_emotions,46,0.37821549610287875,0.14401476340260166,0.27360370563310354
last_token_component_activation,ekman_basic_emotions,47,0.3808563001811738,0.1479469139730764,0.2733507923715657
last_token_component_activation,ekman_basic_emotions,48,0.39141106956983907,0.1381293430865814,0.29387440499520534
last_token_component_activation,ekman_basic_emotions,49,0.3800639637695268,0.138206581302858,0.2806442671984063
last_token_component_activation,ekman_basic_emotions,50,0.3925852095735677,0.13851834628037288,0.2949184839818794
last_token_component_activation,ekman_basic_emotions,51,0.39657994584509754,0.14435770134553985,0.2947753341509526
last_token_component_activation,ekman_basic_emotions,52,0.3826320453100079,0.13912145681509985,0.2828628851568515
last_token_component_activation,ekman_basic_emotions,53,0.3998758886174241,0.1443906035907929,0.2986003731362037
last_token_component_activation,ekman_basic_emotions,54,0.37704339322085445,0.1391768428672772,0.276324525406445
last_token_component_activation,ekman_basic_emotions,55,0.37811377184039857,0.13803886231225101,0.2785217326295704
last_token_component_activation,ekman_basic_emotions,56,0.4328308506444777,0.1379358268218667,0.34208012929644754
last_token_component_activation,ekman_basic_emotions,57,0.40410368033580696,0.1357263549259687,0.31052355575050516
last_token_component_activation,ekman_basic_emotions,58,0.378749999183995,0.1378451146801812,0.27942181689830525
last_token_component_activation,ekman_basic_emotions,59,0.3866323749837309,0.14966506745556152,0.27867525895836986
last_token_component_activation,ekman_basic_emotions,60,0.37856529741002626,0.13856298457211103,0.2786069190661634
last_token_component_activation,go_emotions,0,0.04156014624235255,0.03020999181207402,0.011703723831395767
last_token_component_activation,go_emotions,1,0.03920963290297262,0.020069054853182375,0.01953257843788423
last_token_component_activation,go_emotions,2,0.09913267555968108,0.03536289021035572,0.06610753899280473
last_token_component_activation,go_emotions,3,0.11349138191711922,0.03913557513807545,0.07738428529053788
last_token_component_activation,go_emotions,4,0.11874942501876318,0.03711267210206149,0.08478328725638272
last_token_component_activation,go_emotions,5,0.13311671212315004,0.037303792793369886,0.09952560175529514
last_token_component_activation,go_emotions,6,0.1432859161173955,0.04172485828116144,0.10598319148096241
last_token_component_activation,go_emotions,7,0.12993259663989146,0.040790610082987684,0.09293277098196052
last_token_component_activation,go_emotions,8,0.13826126796644697,0.04289073872758916,0.09964434897648912
last_token_component_activation,go_emotions,9,0.15708261058715173,0.03891629111483688,0.12295112109369254
last_token_component_activation,go_emotions,10,0.14097701762533857,0.039552258115872256,0.10560153883073276
last_token_component_activation,go_emotions,11,0.16157596252629916,0.03808944490641166,0.12837629961121796
last_token_component_activation,go_emotions,12,0.14838262658117585,0.045141340054901724,0.10812206126109827
last_token_component_activation,go_emotions,13,0.13692131342347308,0.0433680909003289,0.09779437799768909
last_token_component_activation,go_emotions,14,0.15297048648351913,0.03979988645361793,0.11786147328385475
last_token_component_activation,go_emotions,15,0.16783449264864458,0.03804783807601501,0.13492007161046907
last_token_component_activation,go_emotions,16,0.1479767328308238,0.03798910001481068,0.11433096321227383
last_token_component_activation,go_emotions,17,0.16368468538918404,0.040071223386722934,0.12877357676324855
last_token_component_activation,go_emotions,18,0.15238173807725253,0.03699980886755919,0.11981506366474327
last_token_component_activation,go_emotions,19,0.19152461367895726,0.03826402875688167,0.15935827452099394
last_token_component_activation,go_emotions,20,0.1495761084634704,0.03792067715545238,0.11605636734597946
last_token_component_activation,go_emotions,21,0.1676736438071819,0.040514209208916956,0.13252873134621795
last_token_component_activation,go_emotions,22,0.16990122642648944,0.03563305695288469,0.13922933634510212
last_token_component_activation,go_emotions,23,0.1496877290499349,0.03713023014361266,0.11689794656561943
last_token_component_activation,go_emotions,24,0.14916817841904287,0.038001309594186426,0.11555823301376984
last_token_component_activation,go_emotions,25,0.14427790435893806,0.036591802972912736,0.11177619384838763
last_token_component_activation,go_emotions,26,0.16899056143391367,0.04298903391790702,0.13166152947216925
last_token_component_activation,go_emotions,27,0.1578868887272379,0.03658110084751506,0.12591177937907902
last_token_component_activation,go_emotions,28,0.15081281515746073,0.04124563834207138,0.11428075969940832
last_token_component_activation,go_emotions,29,0.16136226339789786,0.03888488658720395,0.1274325781599589
last_token_component_activation,go_emotions,30,0.16030523343847317,0.038907298951095654,0.12631240915146674
last_token_component_activation,go_emotions,31,0.15158117853218933,0.04354605436457957,0.11295381723354866
last_token_component_activation,go_emotions,32,0.14222386501850479,0.04028159764538287,0.10622101975226493
last_token_component_activation,go_emotions,33,0.15308161673854348,0.03785996115229299,0.11975559786935386
last_token_component_activation,go_emotions,34,0.16772185225496766,0.03726018557244321,0.13551082517564386
last_token_component_activation,go_emotions,35,0.14816560673157678,0.040292346000441515,0.1124022094453202
last_token_component_activation,go_emotions,36,0.14984953601770173,0.03501105372734275,0.11900497175012345
last_token_component_activation,go_emotions,37,0.14406893848589677,0.040304998178649486,0.10812178880823554
last_token_component_activation,go_emotions,38,0.17765986189676164,0.03553839268742046,0.14735834804804207
last_token_component_activation,go_emotions,39,0.1579114594451372,0.03896710806531894,0.12376720128732348
last_token_component_activation,go_emotions,40,0.1824648409465091,0.03861554422843705,0.14962723378195794
last_token_component_activation,go_emotions,41,0.1733005309870986,0.037068987474489584,0.14147591233489318
last_token_component_activation,go_emotions,42,0.17772694000148143,0.040822713643821625,0.14273088854902488
last_token_component_activation,go_emotions,43,0.18583113034265172,0.037716012054360974,0.15392038124265037
last_token_component_activation,go_emotions,44,0.18039707361172333,0.03726627555987219,0.148671220731452
last_token_component_activation,go_emotions,45,0.16334880233137056,0.039004571654522875,0.12939107409795714
last_token_component_activation,go_emotions,46,0.2045335904741009,0.037071382111564744,0.17390926518494884
last_token_component_activation,go_emotions,47,0.1861276291981706,0.030868724788682855,0.16020420388933776
last_token_component_activation,go_emotions,48,0.19086267045487434,0.04133348969752932,0.15597622233634384
last_token_component_activation,go_emotions,49,0.19712286623628472,0.03566322799733756,0.1674307595920457
last_token_component_activation,go_emotions,50,0.19698808270652854,0.038070533003533455,0.16520707095001472
last_token_component_activation,go_emotions,51,0.1921156465697068,0.038648654404006805,0.15963673725401362
last_token_component_activation,go_emotions,52,0.2079208285908466,0.042478084313537855,0.17278220118721804
last_token_component_activation,go_emotions,53,0.20098761891485042,0.036846290887540774,0.17042069866352377
last_token_component_activation,go_emotions,54,0.18966034811799784,0.03644140566412348,0.15901362237288644
last_token_component_activation,go_emotions,55,0.1724957024359717,0.0381926012501547,0.1396361697366685
last_token_component_activation,go_emotions,56,0.2015805507824421,0.03565574485619044,0.17205972352840723
last_token_component_activation,go_emotions,57,0.19196391888823613,0.03495823192230429,0.16269315190230324
last_token_component_activation,go_emotions,58,0.2029105742920586,0.03749733862587845,0.17185743198883954
last_token_component_activation,go_emotions,59,0.17441581683104312,0.039513378412459665,0.14045217849636465
last_token_component_activation,go_emotions,60,0.21454457628738985,0.047115437494115654,0.1757076831562588
last_token_component_activation,plutchik_wheel,0,0.13372809374950528,0.10364279161176321,0.03356396518731549
last_token_component_activation,plutchik_wheel,1,0.11264001142199206,0.10438310401138617,0.009219240333213703
last_token_component_activation,plutchik_wheel,2,0.1957816862937778,0.12647982372430774,0.07933630435984074
last_token_component_activation,plutchik_wheel,3,0.20454658307999346,0.1159103522731937,0.10025706220483803
last_token_component_activation,plutchik_wheel,4,0.2440768003414283,0.12134232825346643,0.13968406130683295
last_token_component_activation,plutchik_wheel,5,0.22826811969980354,0.12370420403819349,0.1193249084880552
last_token_component_activation,plutchik_wheel,6,0.25994892091458066,0.11689612099157665,0.1619886440580786
last_token_component_activation,plutchik_wheel,7,0.2653182294011268,0.12319861471973004,0.16208872050991135
last_token_component_activation,plutchik_wheel,8,0.247980674214346,0.1164466404160844,0.14886937203227188
last_token_component_activation,plutchik_wheel,9,0.265779895601273,0.11621122250156131,0.16923576866756035
last_token_component_activation,plutchik_wheel,10,0.2661042578736802,0.11888235180987199,0.1670854129028188
last_token_component_activation,plutchik_wheel,11,0.26321497618714884,0.11054175124247644,0.17164743275801903
last_token_component_activation,plutchik_wheel,12,0.2597312908601772,0.1309083006402026,0.1482271552183389
last_token_component_activation,plutchik_wheel,13,0.25695951296873004,0.1254916997440385,0.15033340814056537
last_token_component_activation,plutchik_wheel,14,0.2737492448248139,0.120346065762,0.17439037454621212
last_token_component_activation,plutchik_wheel,15,0.29052757434031595,0.13397688934993346,0.18076963889897835
last_token_component_activation,plutchik_wheel,16,0.2937997605493598,0.11998667443204791,0.1975118797265196
last_token_component_activation,plutchik_wheel,17,0.31531558165077417,0.12783386075899808,0.21496101769661807
last_token_component_activation,plutchik_wheel,18,0.3150217884008299,0.12847922389903116,0.21404259039739415
last_token_component_activation,plutchik_wheel,19,0.3037585442970731,0.12920655370964615,0.20045165857762445
last_token_component_activation,plutchik_wheel,20,0.32114125191923054,0.12694389795452043,0.22243399193903568
last_token_component_activation,plutchik_wheel,21,0.3528679740754815,0.11917299133115487,0.2653131437210349
last_token_component_activation,plutchik_wheel,22,0.30589840399763557,0.13643630604977863,0.1962357833417963
last_token_component_activation,plutchik_wheel,23,0.30363255751901,0.12260050049267278,0.20632796933208808
last_token_component_activation,plutchik_wheel,24,0.3210992068627676,0.12679533810614171,0.22251813032606593
last_token_component_activation,plutchik_wheel,25,0.3019092056604915,0.13288205300904266,0.19492982844836856
last_token_component_activation,plutchik_wheel,26,0.30719745369182233,0.12190595867412142,0.2110155476489966
last_token_component_activation,plutchik_wheel,27,0.3428863997238929,0.12700398298615698,0.24728911991623978
last_token_component_activation,plutchik_wheel,28,0.3276866562643248,0.12227490131065,0.23402743667738665
last_token_component_activation,plutchik_wheel,29,0.3129064291190537,0.11627601821305085,0.22250206507738196
last_token_component_activation,plutchik_wheel,30,0.3241488824448275,0.12219729197849699,0.23006489797862803
last_token_component_activation,plutchik_wheel,31,0.3123210999064473,0.12847083020302025,0.21095136694765412
last_token_component_activation,plutchik_wheel,32,0.32703296746753396,0.1208561226582544,0.2345200258149934
last_token_component_activation,plutchik_wheel,33,0.3278580602446154,0.1274572268484739,0.22967450944819162
last_token_component_activation,plutchik_wheel,34,0.33209049221556,0.12816420369770906,0.23390446845926904
last_token_component_activation,plutchik_wheel,35,0.3650433331153098,0.12055799655345494,0.27800052260832836
last_token_component_activation,plutchik_wheel,36,0.3600711572865579,0.11057554014816377,0.28051355500157493
last_token_component_activation,plutchik_wheel,37,0.3425536802046967,0.11538218685312633,0.25680185270455647
last_token_component_activation,plutchik_wheel,38,0.35384743485758713,0.12148550575137558,0.26449413256971477
last_token_component_activation,plutchik_wheel,39,0.377574542545869,0.11961232861033562,0.29300979820440703
last_token_component_activation,plutchik_wheel,40,0.3438884243238822,0.12058334681983184,0.2539240946785907
last_token_component_activation,plutchik_wheel,41,0.3342287637424074,0.11843383683472135,0.24478585490721488
last_token_component_activation,plutchik_wheel,42,0.33413429024884483,0.12767561060900903,0.23667649575173969
last_token_component_activation,plutchik_wheel,43,0.3292668934563455,0.12352991491190757,0.2347336002046889
last_token_component_activation,plutchik_wheel,44,0.3732284801068639,0.123110009171492,0.2852335795269525
last_token_component_activation,plutchik_wheel,45,0.36595062459271427,0.12135164416181891,0.27838096868406664
last_token_component_activation,plutchik_wheel,46,0.39221984373320723,0.11852756449077217,0.31049442752492046
last_token_component_activation,plutchik_wheel,47,0.39208296926477504,0.12772403966313464,0.303067998686502
last_token_component_activation,plutchik_wheel,48,0.38898667292037903,0.11592312683129131,0.30886855473367747
last_token_component_activation,plutchik_wheel,49,0.3851336102943287,0.1257703196382025,0.29667637290556115
last_token_component_activation,plutchik_wheel,50,0.39064592643160356,0.11874627293481817,0.3085373090021262
last_token_component_activation,plutchik_wheel,51,0.39001788527069636,0.12416835615991677,0.3035395340880383
last_token_component_activation,plutchik_wheel,52,0.347566241803874,0.1260944702312257,0.2534275891711628
last_token_component_activation,plutchik_wheel,53,0.3889135410369672,0.13154906117648554,0.29634889935075875
last_token_component_activation,plutchik_wheel,54,0.3824055853125834,0.1267832958907913,0.292736371417172
last_token_component_activation,plutchik_wheel,55,0.3663456784286776,0.12731151012959108,0.2739054898438986
last_token_component_activation,plutchik_wheel,56,0.3448958581493604,0.14034949821668138,0.2379413023180396
last_token_component_activation,plutchik_wheel,57,0.35732911941021483,0.1295817591313491,0.26165278895302196
last_token_component_activation,plutchik_wheel,58,0.40247740205657256,0.11905433563466157,0.3217259337170336
last_token_component_activation,plutchik_wheel,59,0.35968785506535733,0.10992453705861216,0.28060914878089643
last_token_component_activation,plutchik_wheel,60,0.3763881160027371,0.12117540655206238,0.29040232983169667
gen_last_token_activation,ekman_basic_emotions,0,0.176239666789473,0.07967874282468572,0.10492088845275162
gen_last_token_activation,ekman_basic_emotions,1,0.19113456046078728,0.11914424603748269,0.08172769956880814
gen_last_token_activation,ekman_basic_emotions,2,0.29985900313532704,0.12777276241735883,0.19729519247174793
gen_last_token_activation,ekman_basic_emotions,3,0.3065825388231026,0.1379709039851501,0.19559854257523562
gen_last_token_activation,ekman_basic_emotions,4,0.32970123925809575,0.12660441367676004,0.23253704136096978
gen_last_token_activation,ekman_basic_emotions,5,0.35986285242638044,0.13773154008586033,0.257612707256669
gen_last_token_activation,ekman_basic_emotions,6,0.3623390064521382,0.13926112995102147,0.2591702132476287
gen_last_token_activation,ekman_basic_emotions,7,0.394442434832413,0.13186504287703124,0.3024614891969941
gen_last_token_activation,ekman_basic_emotions,8,0.38250614401443395,0.13253032920178612,0.28816663363299977
gen_last_token_activation,ekman_basic_emotions,9,0.4159713912067168,0.13589628346256813,0.3241220959752881
gen_last_token_activation,ekman_basic_emotions,10,0.4415287600248582,0.14191207606895354,0.3491678132274718
gen_last_token_activation,ekman_basic_emotions,11,0.45853299256931795,0.13573985901658123,0.37349070985205796
gen_last_token_activation,ekman_basic_emotions,12,0.42973380097864833,0.1431176540993559,0.33448716530393513
gen_last_token_activation,ekman_basic_emotions,13,0.4289403502763952,0.13768897710362746,0.33775675532303684
gen_last_token_activation,ekman_basic_emotions,14,0.41970251689570853,0.13725226792521697,0.3273845163188545
gen_last_token_activation,ekman_basic_emotions,15,0.45316006407737597,0.1406678339212712,0.36364544758292616
gen_last_token_activation,ekman_basic_emotions,16,0.43522567586319966,0.13510867801617774,0.3469996636787109
gen_last_token_activation,ekman_basic_emotions,17,0.42719036541603544,0.13346584820502505,0.33896473278355754
gen_last_token_activation,ekman_basic_emotions,18,0.4173722599704055,0.13597861847795822,0.32567902543887306
gen_last_token_activation,ekman_basic_emotions,19,0.42857254182037685,0.1349193961686875,0.33945177403255083
gen_last_token_activation,ekman_basic_emotions,20,0.4486297449336837,0.14283212589899472,0.356753476505881
gen_last_token_activation,ekman_basic_emotions,21,0.45483714304483985,0.13974070464909502,0.36628077150531124
gen_last_token_activation,ekman_basic_emotions,22,0.44496888619972197,0.1480185943821033,0.34854081305008816
gen_last_token_activation,ekman_basic_emotions,23,0.42783838482537967,0.1401298583357192,0.33459532148982396
gen_last_token_activation,ekman_basic_emotions,24,0.4301825836633844,0.14268583356461573,0.33534585261100697
gen_last_token_activation,ekman_basic_emotions,25,0.446253427471723,0.13761162854100326,0.35789188391832866
gen_last_token_activation,ekman_basic_emotions,26,0.4358851674134246,0.14198374814995265,0.34253595853197905
gen_last_token_activation,ekman_basic_emotions,27,0.43038960616889393,0.14823702351241086,0.33125715773652703
gen_last_token_activation,ekman_basic_emotions,28,0.4264603557083916,0.13377547160316217,0.3378857034294734
gen_last_token_activation,ekman_basic_emotions,29,0.4335986779720656,0.1455025856432779,0.3371526788593861
gen_last_token_activation,ekman_basic_emotions,30,0.43303613514152145,0.13947076479046502,0.3411451445685917
gen_last_token_activation,ekman_basic_emotions,31,0.4609585555956327,0.14322857154030524,0.3708456812414287
gen_last_token_activation,ekman_basic_emotions,32,0.4435612197196405,0.14443303990249587,0.3496256795412655
gen_last_token_activation,ekman_basic_emotions,33,0.446130625124067,0.13960048077086698,0.35626489497324787
gen_last_token_activation,ekman_basic_emotions,34,0.44257046415248846,0.1458908903785697,0.3473555900901432
gen_last_token_activation,ekman_basic_emotions,35,0.45465182330998083,0.14697900192649907,0.3606861051232539
gen_last_token_activation,ekman_basic_emotions,36,0.43882874276922174,0.14868734516744245,0.34081649785747214
gen_last_token_activation,ekman_basic_emotions,37,0.4516837158317121,0.1396460301670047,0.3626852395709611
gen_last_token_activation,ekman_basic_emotions,38,0.4602138076074917,0.14293557335958226,0.3701918133408002
gen_last_token_activation,ekman_basic_emotions,39,0.45049304164014964,0.13993826570686077,0.3610842844770034
gen_last_token_activation,ekman_basic_emotions,40,0.4357911765849743,0.140557070821083,0.3435179879203243
gen_last_token_activation,ekman_basic_emotions,41,0.4433492477830057,0.1392569823609947,0.3532904237273139
gen_last_token_activation,ekman_basic_emotions,42,0.42924081332656916,0.14289763157918908,0.3340828263897579
gen_last_token_activation,ekman_basic_emotions,43,0.48323282116902716,0.13287740968709139,0.40404369047230915
gen_last_token_activation,ekman_basic_emotions,44,0.49437131074407237,0.14017569390267445,0.4119395257027145
gen_last_token_activation,ekman_basic_emotions,45,0.47847863347018155,0.1379500688769575,0.3950218569701615
gen_last_token_activation,ekman_basic_emotions,46,0.46085525612154343,0.137739598312246,0.3747309480718861
gen_last_token_activation,ekman_basic_emotions,47,0.43442845439936606,0.13010996839642539,0.3498355825988179
gen_last_token_activation,ekman_basic_emotions,48,0.4604236079373125,0.14678279675978445,0.3675978519730167
gen_last_token_activation,ekman_basic_emotions,49,0.4360236933114802,0.14888905056824317,0.33736452683982293
gen_last_token_activation,ekman_basic_emotions,50,0.42627151557497195,0.15089981548992681,0.3243100226670346
gen_last_token_activation,ekman_basic_emotions,51,0.42544402212734067,0.14577468380660155,0.32739528203987506
gen_last_token_activation,ekman_basic_emotions,52,0.4323547736278591,0.13195079495304116,0.34606791519216584
gen_last_token_activation,ekman_basic_emotions,53,0.4241788828023915,0.144353477707607,0.32703388350728557
gen_last_token_activation,ekman_basic_emotions,54,0.42254448695248215,0.13456077961948668,0.33276017604838365
gen_last_token_activation,ekman_basic_emotions,55,0.4254418497765676,0.1418554376586345,0.330464614661421
gen_last_token_activation,ekman_basic_emotions,56,0.4259203175779741,0.1418865769583081,0.33099789957005027
gen_last_token_activation,ekman_basic_emotions,57,0.41457972175937946,0.14065120996572897,0.3187628992678586
gen_last_token_activation,ekman_basic_emotions,58,0.42747336854148255,0.1378680988869918,0.33591758903783947
gen_last_token_activation,ekman_basic_emotions,59,0.4316668625780175,0.14336931163593905,0.33654824051733523
gen_last_token_activation,ekman_basic_emotions,60,0.44523204473168515,0.15127239634722014,0.34635334955445357
gen_last_token_activation,go_emotions,0,0.05086912205936086,0.02070707690369272,0.030799819384278233
gen_last_token_activation,go_emotions,1,0.07418457200327393,0.033060717429135904,0.042529924386564756
gen_last_token_activation,go_emotions,2,0.1545860144324008,0.042757078653540816,0.11682398823233006
gen_last_token_activation,go_emotions,3,0.16972219598327898,0.034452122840470896,0.140096701927147
gen_last_token_activation,go_emotions,4,0.16156041179114897,0.037781171427299545,0.12863938710018422
gen_last_token_activation,go_emotions,5,0.17795093936349324,0.039640972669383934,0.14401902075992493
gen_last_token_activation,go_emotions,6,0.1886681700849948,0.04109118501949541,0.15390095779701407
gen_last_token_activation,go_emotions,7,0.20217410176648742,0.04051581752513961,0.1684845745183334
gen_last_token_activation,go_emotions,8,0.19324631443936013,0.03914175523888497,0.16038220001826395
gen_last_token_activation,go_emotions,9,0.2184487664520933,0.03484312145564409,0.1902339910516539
gen_last_token_activation,go_emotions,10,0.24342924771188723,0.03590366154153629,0.21525399266858825
gen_last_token_activation,go_emotions,11,0.2520242749904637,0.04471541315517774,0.21701267317627254
gen_last_token_activation,go_emotions,12,0.22461325223127526,0.035626669135056514,0.19596828017497878
gen_last_token_activation,go_emotions,13,0.23355964461706819,0.03675150747369119,0.2043170985165094
gen_last_token_activation,go_emotions,14,0.23245836059945602,0.03545964215942746,0.20424103236185187
gen_last_token_activation,go_emotions,15,0.2723059938983011,0.039799666531170126,0.24214356032055956
gen_last_token_activation,go_emotions,16,0.2589955359680429,0.03531656991943107,0.23186773927476967
gen_last_token_activation,go_emotions,17,0.2639601281309765,0.03778902499555048,0.23505354751787172
gen_last_token_activation,go_emotions,18,0.262886642919437,0.039718982196313486,0.23239828402892207
gen_last_token_activation,go_emotions,19,0.2535715928258706,0.04223177445876916,0.22065862359097807
gen_last_token_activation,go_emotions,20,0.2800726706953521,0.03563549483648213,0.25346969382435236
gen_last_token_activation,go_emotions,21,0.2477246708234422,0.03584200161896148,0.21975928173625334
gen_last_token_activation,go_emotions,22,0.27324315693996054,0.036789564914842525,0.24548487372254552
gen_last_token_activation,go_emotions,23,0.3128090869396698,0.03859696037957647,0.2852207817736424
gen_last_token_activation,go_emotions,24,0.3004826991206675,0.04365888498452081,0.2685483350070019
gen_last_token_activation,go_emotions,25,0.2999570818117849,0.04025956870473258,0.27059140642492685
gen_last_token_activation,go_emotions,26,0.31124648514871267,0.04111095230618444,0.28171719501043424
gen_last_token_activation,go_emotions,27,0.29001099705676875,0.043358011242726285,0.25783207167652883
gen_last_token_activation,go_emotions,28,0.28151868567269434,0.035463041604837126,0.25510234929437536
gen_last_token_activation,go_emotions,29,0.2864452939720435,0.03654039735741623,0.25938284898420894
gen_last_token_activation,go_emotions,30,0.2669680959326298,0.04278680420682773,0.2342020489385748
gen_last_token_activation,go_emotions,31,0.27507236139738966,0.03862325682545289,0.2459484341083204
gen_last_token_activation,go_emotions,32,0.2751924553499093,0.039428941695646424,0.24544099222648247
gen_last_token_activation,go_emotions,33,0.26888799608414127,0.03844096590849441,0.2396597837525144
gen_last_token_activation,go_emotions,34,0.31626664877748445,0.041608975883906836,0.2865820588698538
gen_last_token_activation,go_emotions,35,0.32520374140069463,0.03949798275689433,0.2974546159349579
gen_last_token_activation,go_emotions,36,0.33844705389380925,0.03530866232395483,0.31423355816599224
gen_last_token_activation,go_emotions,37,0.3496799221262809,0.03993996878017547,0.3226256101428978
gen_last_token_activation,go_emotions,38,0.3196618812841874,0.04181100134835123,0.2899750261449717
gen_last_token_activation,go_emotions,39,0.31098459731991906,0.04269726527404446,0.2802533851767137
gen_last_token_activation,go_emotions,40,0.31481419251364096,0.040591878292715974,0.2858244661645572
gen_last_token_activation,go_emotions,41,0.3224348771129892,0.036600054253065506,0.29669383325355375
gen_last_token_activation,go_emotions,42,0.30415017697802177,0.04014404588114517,0.27504765685308846
gen_last_token_activation,go_emotions,43,0.3144820130921825,0.03689149030135175,0.2882235179062922
gen_last_token_activation,go_emotions,44,0.28995980878514377,0.03444015916852692,0.2646336755229806
gen_last_token_activation,go_emotions,45,0.2940880225287467,0.0378431081048863,0.26632342041342894
gen_last_token_activation,go_emotions,46,0.28525653897351094,0.03953261513714614,0.2558378636370375
gen_last_token_activation,go_emotions,47,0.2689930991785785,0.03610721608765132,0.2416097381138861
gen_last_token_activation,go_emotions,48,0.2725999751362123,0.04041478635151761,0.24196411687284436
gen_last_token_activation,go_emotions,49,0.2720738319865873,0.0337574912468089,0.24664236832976258
gen_last_token_activation,go_emotions,50,0.2767338715328447,0.03807929818690412,0.24810212826910535
gen_last_token_activation,go_emotions,51,0.2445435760110955,0.036761336364021686,0.21571210489283027
gen_last_token_activation,go_emotions,52,0.2511235327661735,0.03922172075887071,0.22055225080095842
gen_last_token_activation,go_emotions,53,0.25150583413561023,0.03472517086886828,0.22457921487693996
gen_last_token_activation,go_emotions,54,0.2519080195598229,0.04016299319246242,0.22060519115806365
gen_last_token_activation,go_emotions,55,0.2515383772211072,0.03616323070786715,0.2234560387973342
gen_last_token_activation,go_emotions,56,0.2418955579319734,0.03761986297940543,0.21226092174447753
gen_last_token_activation,go_emotions,57,0.24263602450778557,0.03700284688902989,0.2135345644111782
gen_last_token_activation,go_emotions,58,0.24789183929511238,0.04426252383314192,0.21305988363944797
gen_last_token_activation,go_emotions,59,0.24198549385125528,0.039222023622289034,0.21104092226740817
gen_last_token_activation,go_emotions,60,0.25257536881604375,0.03243548205744733,0.22751959448317305
gen_last_token_activation,plutchik_wheel,0,0.17833652733668312,0.08440218275688462,0.10259345622146285
gen_last_token_activation,plutchik_wheel,1,0.18842999129798776,0.11623260419568898,0.08169274793917058
gen_last_token_activation,plutchik_wheel,2,0.3687595838211941,0.11193985715114503,0.2891918173989698
gen_last_token_activation,plutchik_wheel,3,0.3423119408395232,0.12160977794484755,0.25125753606216505
gen_last_token_activation,plutchik_wheel,4,0.37633145800535045,0.11872872807897032,0.29230809869116414
gen_last_token_activation,plutchik_wheel,5,0.3736989946859824,0.11064185606481665,0.29578313350480484
gen_last_token_activation,plutchik_wheel,6,0.39515719521729453,0.12014012104033883,0.3125691723801903
gen_last_token_activation,plutchik_wheel,7,0.3798481671179878,0.1218631034301569,0.29378683972347125
gen_last_token_activation,plutchik_wheel,8,0.40613031785062564,0.12333143547260576,0.32258357812849686
gen_last_token_activation,plutchik_wheel,9,0.3903612402773995,0.11998157975190625,0.30724318298845166
gen_last_token_activation,plutchik_wheel,10,0.41051464805375326,0.12114191706487853,0.32925990738169797
gen_last_token_activation,plutchik_wheel,11,0.4480190563751971,0.1241943765657857,0.3697449195857274
gen_last_token_activation,plutchik_wheel,12,0.4483799484248038,0.11251119811145827,0.37844843743225814
gen_last_token_activation,plutchik_wheel,13,0.4713962498431373,0.11769818257283304,0.400881036720183
gen_last_token_activation,plutchik_wheel,14,0.4699303282743729,0.1302493559990651,0.3905498370346049
gen_last_token_activation,plutchik_wheel,15,0.4466714932185376,0.11720669917133796,0.37320717515406726
gen_last_token_activation,plutchik_wheel,16,0.42431366002353854,0.13782076988089825,0.3322892504648529
gen_last_token_activation,plutchik_wheel,17,0.4247298965430007,0.12541782070607607,0.3422343639320071
gen_last_token_activation,plutchik_wheel,18,0.41389829528460237,0.12053524998352587,0.3335699870808707
gen_last_token_activation,plutchik_wheel,19,0.3879183567406167,0.12902390259477367,0.2972463365150088
gen_last_token_activation,plutchik_wheel,20,0.45029482563225676,0.12171573647424704,0.37411474029942604
gen_last_token_activation,plutchik_wheel,21,0.4347547624092175,0.12962583932872498,0.3505721296288969
gen_last_token_activation,plutchik_wheel,22,0.4406320023812063,0.11999076965024617,0.3643612153971651
gen_last_token_activation,plutchik_wheel,23,0.4218792434562634,0.12039965054993919,0.34274610406284367
gen_last_token_activation,plutchik_wheel,24,0.4218742468493614,0.12335698459034865,0.34052317421307116
gen_last_token_activation,plutchik_wheel,25,0.46075281154972203,0.12786148006331355,0.3816954805649164
gen_last_token_activation,plutchik_wheel,26,0.43218291559720345,0.1373440673649365,0.34178035190884737
gen_last_token_activation,plutchik_wheel,27,0.4527949788540274,0.1281000988538156,0.3723992623159764
gen_last_token_activation,plutchik_wheel,28,0.45538763035160046,0.12695003431131033,0.37619564623796536
gen_last_token_activation,plutchik_wheel,29,0.4654189412222076,0.12908566786047246,0.3861841066910492
gen_last_token_activation,plutchik_wheel,30,0.44458767547290645,0.12438978443137177,0.365685421833042
gen_last_token_activation,plutchik_wheel,31,0.4505278120809574,0.11291702293082696,0.38058535433242136
gen_last_token_activation,plutchik_wheel,32,0.4414356397580031,0.12858797079932663,0.359012336845573
gen_last_token_activation,plutchik_wheel,33,0.4412697231305604,0.11031783754520118,0.37198889620558573
gen_last_token_activation,plutchik_wheel,34,0.4368576665396732,0.11609315148409576,0.3628940262134487
gen_last_token_activation,plutchik_wheel,35,0.460607717137708,0.12147206565076822,0.38602716911688634
gen_last_token_activation,plutchik_wheel,36,0.43515637328980594,0.13371791682396397,0.34796801448401543
gen_last_token_activation,plutchik_wheel,37,0.44598745120733774,0.123068643269952,0.36823726903951065
gen_last_token_activation,plutchik_wheel,38,0.4515751256584001,0.11509472911155245,0.3802445387278802
gen_last_token_activation,plutchik_wheel,39,0.42706235821444105,0.12989311982371052,0.34153187977380667
gen_last_token_activation,plutchik_wheel,40,0.4331753342187805,0.13056150024797886,0.34805662971804485
gen_last_token_activation,plutchik_wheel,41,0.44168251233507283,0.11720307284960431,0.36755841519845855
gen_last_token_activation,plutchik_wheel,42,0.44810975901728367,0.11680378316046443,0.37512159760192104
gen_last_token_activation,plutchik_wheel,43,0.45174790825514904,0.1205896955453752,0.37656849258224806
gen_last_token_activation,plutchik_wheel,44,0.43265925794834215,0.12058476946403136,0.3548659127658203
gen_last_token_activation,plutchik_wheel,45,0.4682715583181966,0.11422788009220271,0.3997006343605028
gen_last_token_activation,plutchik_wheel,46,0.43295909048032033,0.12962586340540042,0.34850900816255026
gen_last_token_activation,plutchik_wheel,47,0.431281509181733,0.11781055329515337,0.35533292430266095
gen_last_token_activation,plutchik_wheel,48,0.4272434108360277,0.1198014722835441,0.34928704022045565
gen_last_token_activation,plutchik_wheel,49,0.4366215450363141,0.12564984240602395,0.3556603723684542
gen_last_token_activation,plutchik_wheel,50,0.4109823003770722,0.11251213840941943,0.33630900757642607
gen_last_token_activation,plutchik_wheel,51,0.40534255078908665,0.12972053417183438,0.31670518200147113
gen_last_token_activation,plutchik_wheel,52,0.41513323363211024,0.12113831336667402,0.3345178481857012
gen_last_token_activation,plutchik_wheel,53,0.42448184422856716,0.12404014689309796,0.3429856930883833
gen_last_token_activation,plutchik_wheel,54,0.42071906995465985,0.13155428758791654,0.3329681731787198
gen_last_token_activation,plutchik_wheel,55,0.40891768626303227,0.1322590047025618,0.31882633534634297
gen_last_token_activation,plutchik_wheel,56,0.41053004091924217,0.11972181999793818,0.3303594562807667
gen_last_token_activation,plutchik_wheel,57,0.42629201881240825,0.1205337710045644,0.3476634323492946
gen_last_token_activation,plutchik_wheel,58,0.4179101741852962,0.11997488896025656,0.33855316341261127
gen_last_token_activation,plutchik_wheel,59,0.43796805353377755,0.13131322927900724,0.35300966308057496
gen_last_token_activation,plutchik_wheel,60,0.46862897120767794,0.1241962160863358,0.39327616693112616
gen_last_token_component_activation,ekman_basic_emotions,0,0.14201148248641451,0.051028554540947034,0.09587530623901505
gen_last_token_component_activation,ekman_basic_emotions,1,0.1669194798984274,0.10615967011613085,0.06797613371304322
gen_last_token_component_activation,ekman_basic_emotions,2,0.2900732713967603,0.12378400089383967,0.18978113920831685
gen_last_token_component_activation,ekman_basic_emotions,3,0.2841290890094221,0.12853155940919034,0.17854637340021726
gen_last_token_component_activation,ekman_basic_emotions,4,0.29675620497106575,0.1257366360721031,0.1956156187657283
gen_last_token_component_activation,ekman_basic_emotions,5,0.3027865749297671,0.1267753451195334,0.20156465902159787
gen_last_token_component_activation,ekman_basic_emotions,6,0.3485400680492377,0.13798702861866594,0.24425739103806143
gen_last_token_component_activation,ekman_basic_emotions,7,0.33188057464323484,0.12602871910319208,0.2355361784071578
gen_last_token_component_activation,ekman_basic_emotions,8,0.37227322842965416,0.13445763991131085,0.2747590406713025
gen_last_token_component_activation,ekman_basic_emotions,9,0.3455610450246894,0.12859678834959057,0.24898262225150114
gen_last_token_component_activation,ekman_basic_emotions,10,0.3758057238072595,0.1365477122441692,0.2770946524271047
gen_last_token_component_activation,ekman_basic_emotions,11,0.3971011279037118,0.12996897201471316,0.30703750475151576
gen_last_token_component_activation,ekman_basic_emotions,12,0.37228663466539075,0.14043204988590505,0.26973386426135415
gen_last_token_component_activation,ekman_basic_emotions,13,0.40258776497439125,0.1304955077386806,0.31292794879998903
gen_last_token_component_activation,ekman_basic_emotions,14,0.36797036811016987,0.1364262229107104,0.26812317759333587
gen_last_token_component_activation,ekman_basic_emotions,15,0.38153093316787007,0.13041860074447184,0.28877380845356426
gen_last_token_component_activation,ekman_basic_emotions,16,0.37659794061487906,0.13983308382160767,0.27525454925095966
gen_last_token_component_activation,ekman_basic_emotions,17,0.36259759062117597,0.14175503465004133,0.2573187899576943
gen_last_token_component_activation,ekman_basic_emotions,18,0.3915811207426114,0.1399312268249935,0.2925927574240767
gen_last_token_component_activation,ekman_basic_emotions,19,0.4051230815502561,0.14104799168229998,0.3074387012438102
gen_last_token_component_activation,ekman_basic_emotions,20,0.40533662023012995,0.13549139218857142,0.31213712113832265
gen_last_token_component_activation,ekman_basic_emotions,21,0.3938868829938545,0.1389273335093654,0.296095276747775
gen_last_token_component_activation,ekman_basic_emotions,22,0.39788260676695986,0.14108616297858498,0.2989781194804203
gen_last_token_component_activation,ekman_basic_emotions,23,0.37778780257772776,0.13848536432443545,0.2777694404061298
gen_last_token_component_activation,ekman_basic_emotions,24,0.3703055163219492,0.14105428591869298,0.2668983925817173
gen_last_token_component_activation,ekman_basic_emotions,25,0.41700948830215295,0.1370711820190608,0.32440486451488
gen_last_token_component_activation,ekman_basic_emotions,26,0.4042054452473939,0.13370307002409865,0.3122513376918236
gen_last_token_component_activation,ekman_basic_emotions,27,0.40654386523964947,0.14307731269570542,0.3074566194212415
gen_last_token_component_activation,ekman_basic_emotions,28,0.3946452599356185,0.1346105372457157,0.30048288531534406
gen_last_token_component_activation,ekman_basic_emotions,29,0.4179870233096194,0.14218204283274197,0.32151924329919424
gen_last_token_component_activation,ekman_basic_emotions,30,0.4252613424697457,0.14068894568074364,0.3311634307025637
gen_last_token_component_activation,ekman_basic_emotions,31,0.4234989546999171,0.14068877244465575,0.3291126348480613
gen_last_token_component_activation,ekman_basic_emotions,32,0.3820852150605088,0.13742041109126907,0.2836431641963274
gen_last_token_component_activation,ekman_basic_emotions,33,0.40749751250496996,0.13794966085256272,0.3126822639139479
gen_last_token_component_activation,ekman_basic_emotions,34,0.4116455704313098,0.14573323585658793,0.31127552391828883
gen_last_token_component_activation,ekman_basic_emotions,35,0.4112507814332397,0.14234375478995134,0.31353707052809987
gen_last_token_component_activation,ekman_basic_emotions,36,0.4361840418849855,0.14615850596415184,0.3396714003087054
gen_last_token_component_activation,ekman_basic_emotions,37,0.42315345551573863,0.144312072794728,0.32586808093895087
gen_last_token_component_activation,ekman_basic_emotions,38,0.4323719851232273,0.13569884655538,0.34325204517600655
gen_last_token_component_activation,ekman_basic_emotions,39,0.4203559436825162,0.1463603678173834,0.3209733540189213
gen_last_token_component_activation,ekman_basic_emotions,40,0.422567526941827,0.1447517260006654,0.3248364356726871
gen_last_token_component_activation,ekman_basic_emotions,41,0.4117242327278482,0.14212577013186414,0.31426338874571874
gen_last_token_component_activation,ekman_basic_emotions,42,0.39562452169292783,0.14057181421082163,0.2967702382810514
gen_last_token_component_activation,ekman_basic_emotions,43,0.41899465997037383,0.14616310897241716,0.3195359135508973
gen_last_token_component_activation,ekman_basic_emotions,44,0.4341615506233603,0.1411433727104566,0.3411724013094441
gen_last_token_component_activation,ekman_basic_emotions,45,0.4165487523918684,0.1405659207528662,0.3211215825660111
gen_last_token_component_activation,ekman_basic_emotions,46,0.42262605836726225,0.13680233465958322,0.33112198420388406
gen_last_token_component_activation,ekman_basic_emotions,47,0.4097378320003101,0.14780404259211108,0.3073633324956374
gen_last_token_component_activation,ekman_basic_emotions,48,0.42033387096706176,0.1433174031563768,0.3233595135833615
gen_last_token_component_activation,ekman_basic_emotions,49,0.40842947060520685,0.13569928953027052,0.3155501063127822
gen_last_token_component_activation,ekman_basic_emotions,50,0.38598067202288966,0.14211199690682472,0.28426633107909116
gen_last_token_component_activation,ekman_basic_emotions,51,0.4139353122891393,0.13426188241870063,0.32304622401493743
gen_last_token_component_activation,ekman_basic_emotions,52,0.4189496719703917,0.1483764061371687,0.31771461920864
gen_last_token_component_activation,ekman_basic_emotions,53,0.4075655790397028,0.1394209486491022,0.31158628596603577
gen_last_token_component_activation,ekman_basic_emotions,54,0.3975752249235628,0.13681856857009486,0.3020878888943555
gen_last_token_component_activation,ekman_basic_emotions,55,0.4098854803304854,0.14649052487251232,0.30860226293167997
gen_last_token_component_activation,ekman_basic_emotions,56,0.37987278794566687,0.13720159366961993,0.2812605963288301
gen_last_token_component_activation,ekman_basic_emotions,57,0.4189519349775907,0.1465801002796768,0.31915336727814025
gen_last_token_component_activation,ekman_basic_emotions,58,0.37004759329392833,0.14279296973397362,0.26511054568629505
gen_last_token_component_activation,ekman_basic_emotions,59,0.42089216661399403,0.14835548720393912,0.3200122531351504
gen_last_token_component_activation,ekman_basic_emotions,60,0.4136125532524012,0.13728698429822148,0.3202983656499041
gen_last_token_component_activation,go_emotions,0,0.031104819066443093,0.008276020356321375,0.02301930696313705
gen_last_token_component_activation,go_emotions,1,0.04576735053623567,0.022077485462245045,0.024224685209531523
gen_last_token_component_activation,go_emotions,2,0.14434425231651063,0.04042500151656873,0.10829716381125186
gen_last_token_component_activation,go_emotions,3,0.15179444230604097,0.03665638052000365,0.11951920317714644
gen_last_token_component_activation,go_emotions,4,0.18036939129249988,0.03610752231260612,0.14966593506986603
gen_last_token_component_activation,go_emotions,5,0.19547135942702298,0.033650595676963685,0.16745574946923134
gen_last_token_component_activation,go_emotions,6,0.17884905527397385,0.037938650269070166,0.14646717181218602
gen_last_token_component_activation,go_emotions,7,0.19290287709023662,0.03683581029968413,0.16203578627555915
gen_last_token_component_activation,go_emotions,8,0.18554229015626234,0.03587518366705894,0.15523623492906638
gen_last_token_component_activation,go_emotions,9,0.21292048722777962,0.0381985605557161,0.18166111996361278
gen_last_token_component_activation,go_emotions,10,0.23010179340126505,0.035914370798927946,0.20142134341661977
gen_last_token_component_activation,go_emotions,11,0.21984241557946047,0.050036251684916454,0.17875015146180376
gen_last_token_component_activation,go_emotions,12,0.2543874355670482,0.03396334089315293,0.22817363357379128
gen_last_token_component_activation,go_emotions,13,0.2032807593748837,0.04030338652817909,0.16982176508585758
gen_last_token_component_activation,go_emotions,14,0.21914546916487856,0.040295343730231276,0.18635954745683062
gen_last_token_component_activation,go_emotions,15,0.21747549642001104,0.03092347737182603,0.19250494124266734
gen_last_token_component_activation,go_emotions,16,0.23859696012441742,0.037455157678434686,0.20896876031338768
gen_last_token_component_activation,go_emotions,17,0.23073318108792576,0.04304683043030059,0.19612908617254451
gen_last_token_component_activation,go_emotions,18,0.22207995213812962,0.03881071450609013,0.19066924735627494
gen_last_token_component_activation,go_emotions,19,0.2293608452007215,0.040345117961889644,0.19696219002960855
gen_last_token_component_activation,go_emotions,20,0.19988421392226782,0.03306475909703344,0.17252391656493052
gen_last_token_component_activation,go_emotions,21,0.24847817446480658,0.03806678144693368,0.218738046425273
gen_last_token_component_activation,go_emotions,22,0.2507964392939398,0.040190059804204474,0.21942508685289597
gen_last_token_component_activation,go_emotions,23,0.24992286420017817,0.047178551277719076,0.21278311187718973
gen_last_token_component_activation,go_emotions,24,0.2441861464332786,0.03690889266194985,0.2152208157587871
gen_last_token_component_activation,go_emotions,25,0.27386281844967864,0.03675093237281913,0.24615843819184685
gen_last_token_component_activation,go_emotions,26,0.2729270012488707,0.03737463473202326,0.24469785964062366
gen_last_token_component_activation,go_emotions,27,0.2681771279295807,0.040034463785612824,0.23765714032156385
gen_last_token_component_activation,go_emotions,28,0.293732122182685,0.03890333241331483,0.26514376582872307
gen_last_token_component_activation,go_emotions,29,0.3010721102407614,0.046904747890378164,0.2666757197539263
gen_last_token_component_activation,go_emotions,30,0.25104366566655617,0.04188500022785365,0.218302255458315
gen_last_token_component_activation,go_emotions,31,0.24855233292305118,0.04306231369576181,0.21473709539113936
gen_last_token_component_activation,go_emotions,32,0.2692715591959132,0.03882490931372636,0.23975512070090085
gen_last_token_component_activation,go_emotions,33,0.2609694104011362,0.042882190470423624,0.22785828218775125
gen_last_token_component_activation,go_emotions,34,0.29858573371810065,0.042933805004074864,0.26712042495149907
gen_last_token_component_activation,go_emotions,35,0.30451133205735287,0.04339067174003151,0.2729647857315888
gen_last_token_component_activation,go_emotions,36,0.2778764387498336,0.03685830111940512,0.2502416185599172
gen_last_token_component_activation,go_emotions,37,0.31051811930173745,0.042408658692428956,0.2799831713632776
gen_last_token_component_activation,go_emotions,38,0.2952727262593694,0.04628858463677173,0.26106863943509595
gen_last_token_component_activation,go_emotions,39,0.2787661865353899,0.03570256501442803,0.252062914099319
gen_last_token_component_activation,go_emotions,40,0.2771080675532915,0.04650415142230226,0.2418509912496991
gen_last_token_component_activation,go_emotions,41,0.2788011420441438,0.038592008753514366,0.24985140073486725
gen_last_token_component_activation,go_emotions,42,0.28015960917117133,0.039261913746362655,0.25074231871475017
gen_last_token_component_activation,go_emotions,43,0.26334891163157126,0.0348741699615047,0.236730522134045
gen_last_token_component_activation,go_emotions,44,0.2728890859028733,0.04169473829045667,0.2412533425935527
gen_last_token_component_activation,go_emotions,45,0.26491930500456035,0.04496602432401526,0.230309377763089
gen_last_token_component_activation,go_emotions,46,0.27676494365086957,0.03808294655604489,0.24813157874711825
gen_last_token_component_activation,go_emotions,47,0.2568110086672493,0.035378549790084056,0.22955373719812913
gen_last_token_component_activation,go_emotions,48,0.2303895643038258,0.039894980578610344,0.19841015292266423
gen_last_token_component_activation,go_emotions,49,0.2574485561518284,0.03545107097448346,0.23015678987029603
gen_last_token_component_activation,go_emotions,50,0.2390519777451695,0.039239223200736105,0.20797347203338337
gen_last_token_component_activation,go_emotions,51,0.21632633640957097,0.03740267642285761,0.18587591675593773
gen_last_token_component_activation,go_emotions,52,0.22144345832879342,0.038182709086379246,0.19053592711806688
gen_last_token_component_activation,go_emotions,53,0.2404713388105889,0.045830204598891235,0.20399003945610694
gen_last_token_component_activation,go_emotions,54,0.2164020100361712,0.04708020059676742,0.17768736628774195
gen_last_token_component_activation,go_emotions,55,0.22405275741958008,0.03593725777248672,0.19512785984493444
gen_last_token_component_activation,go_emotions,56,0.22675732055356604,0.044696499969353716,0.19057903648251243
gen_last_token_component_activation,go_emotions,57,0.22565352414165274,0.03631871120889127,0.1964703633192596
gen_last_token_component_activation,go_emotions,58,0.23382677522725537,0.03680369417828575,0.20455132547553417
gen_last_token_component_activation,go_emotions,59,0.2400520802512348,0.03442419997217654,0.21295881718776816
gen_last_token_component_activation,go_emotions,60,0.23944183216996806,0.036141535045387564,0.21092339229925608
gen_last_token_component_activation,plutchik_wheel,0,0.1320674400037632,0.05660415354104569,0.0799911158671831
gen_last_token_component_activation,plutchik_wheel,1,0.1626247614804588,0.102374628920552,0.06712169074215495
gen_last_token_component_activation,plutchik_wheel,2,0.3304211118002025,0.11879373399802522,0.24015646048720107
gen_last_token_component_activation,plutchik_wheel,3,0.3078808596572606,0.12161179881495948,0.21205779015588327
gen_last_token_component_activation,plutchik_wheel,4,0.3453894110882614,0.10965552694811469,0.26476705508386883
gen_last_token_component_activation,plutchik_wheel,5,0.3572957993069893,0.11562567784499539,0.2732667778877871
gen_last_token_component_activation,plutchik_wheel,6,0.35004384292002066,0.11541124694330855,0.2652448328852707
gen_last_token_component_activation,plutchik_wheel,7,0.36982183861029594,0.11763161705799167,0.28581058254994035
gen_last_token_component_activation,plutchik_wheel,8,0.35249381219385334,0.11061394022239839,0.27196274251469493
gen_last_token_component_activation,plutchik_wheel,9,0.3878749930575424,0.12197242822432662,0.3028407915431055
gen_last_token_component_activation,plutchik_wheel,10,0.4090598621228734,0.10986937705993077,0.33611975293550433
gen_last_token_component_activation,plutchik_wheel,11,0.39940184706233217,0.12857700009059056,0.31078459829485305
gen_last_token_component_activation,plutchik_wheel,12,0.43000952013262644,0.12872088647306942,0.3458003629169339
gen_last_token_component_activation,plutchik_wheel,13,0.40226121924645364,0.12682708872127244,0.3154405352793397
gen_last_token_component_activation,plutchik_wheel,14,0.404502066881367,0.13417035210083497,0.31222275124957943
gen_last_token_component_activation,plutchik_wheel,15,0.37048987077452705,0.1235449671116416,0.2817542194367671
gen_last_token_component_activation,plutchik_wheel,16,0.4157168051914198,0.11696414194210047,0.3383244978367917
gen_last_token_component_activation,plutchik_wheel,17,0.4043964945361951,0.11599388995456257,0.32624503530502613
gen_last_token_component_activation,plutchik_wheel,18,0.38186004366153936,0.1175324279492032,0.2995323840603639
gen_last_token_component_activation,plutchik_wheel,19,0.370074592687363,0.13654628823097176,0.27045839432196395
gen_last_token_component_activation,plutchik_wheel,20,0.45734372279516633,0.12451204811205112,0.3801670530878
gen_last_token_component_activation,plutchik_wheel,21,0.41616523434811703,0.13074261250566435,0.32835225325515294
gen_last_token_component_activation,plutchik_wheel,22,0.4160541149968007,0.12799580955772427,0.33034050592460434
gen_last_token_component_activation,plutchik_wheel,23,0.38600800253911716,0.10998903149473716,0.31012985323983433
gen_last_token_component_activation,plutchik_wheel,24,0.4028205814953033,0.13363190891619023,0.31070935708442726
gen_last_token_component_activation,plutchik_wheel,25,0.44036264178143586,0.12121147782248677,0.36317174827015014
gen_last_token_component_activation,plutchik_wheel,26,0.43784583087307627,0.12898070690352242,0.35460193180283867
gen_last_token_component_activation,plutchik_wheel,27,0.41651742955762017,0.12984166650108478,0.32945241345193965
gen_last_token_component_activation,plutchik_wheel,28,0.4440304399315157,0.1263886316457641,0.3635962394630295
gen_last_token_component_activation,plutchik_wheel,29,0.4166842194887235,0.1278166374254374,0.331200518673722
gen_last_token_component_activation,plutchik_wheel,30,0.4191085994943232,0.11709012609076051,0.3420716908129281
gen_last_token_component_activation,plutchik_wheel,31,0.41874893099081445,0.11401427621663755,0.343949847716383
gen_last_token_component_activation,plutchik_wheel,32,0.43654910367113375,0.12707845084475966,0.3545228699255514
gen_last_token_component_activation,plutchik_wheel,33,0.4353495210097917,0.12815661084782426,0.35234872912289583
gen_last_token_component_activation,plutchik_wheel,34,0.4159436008700549,0.12189716637522842,0.3348656025638992
gen_last_token_component_activation,plutchik_wheel,35,0.4314963522047275,0.1230954033331208,0.35169270413661985
gen_last_token_component_activation,plutchik_wheel,36,0.4271446751330866,0.1300784487069224,0.34148622480336993
gen_last_token_component_activation,plutchik_wheel,37,0.4202451969423048,0.11557160104837316,0.344486445997304
gen_last_token_component_activation,plutchik_wheel,38,0.4497119551384786,0.12450937059128257,0.3714518164138764
gen_last_token_component_activation,plutchik_wheel,39,0.42917181057182435,0.12068574650182719,0.3508257290755247
gen_last_token_component_activation,plutchik_wheel,40,0.43466149176740143,0.12282047709289601,0.3555042115449956
gen_last_token_component_activation,plutchik_wheel,41,0.4355996435858962,0.1221887285464701,0.35703678596022403
gen_last_token_component_activation,plutchik_wheel,42,0.44632946429177217,0.1250827846134388,0.3671738011651745
gen_last_token_component_activation,plutchik_wheel,43,0.393235529286919,0.12785320064856345,0.30428630688744657
gen_last_token_component_activation,plutchik_wheel,44,0.38503235989240214,0.13006203059630947,0.29309024121669863
gen_last_token_component_activation,plutchik_wheel,45,0.4095584558450951,0.12708873345897734,0.32359500124843793
gen_last_token_component_activation,plutchik_wheel,46,0.4329281017922061,0.11993977105745586,0.3556442166587034
gen_last_token_component_activation,plutchik_wheel,47,0.4071397977937087,0.1379919399866725,0.3122335744782652
gen_last_token_component_activation,plutchik_wheel,48,0.39286671311937593,0.1181896162466765,0.31149224587667956
gen_last_token_component_activation,plutchik_wheel,49,0.4398416136792111,0.13750950086340172,0.3505338471768222
gen_last_token_component_activation,plutchik_wheel,50,0.4160493766050377,0.12876796454187558,0.3297415618011561
gen_last_token_component_activation,plutchik_wheel,51,0.3987046425040567,0.12462543894653333,0.3130993471271128
gen_last_token_component_activation,plutchik_wheel,52,0.3665333670045962,0.12210589839783348,0.27842477601874743
gen_last_token_component_activation,plutchik_wheel,53,0.38982416450442153,0.12364496206114765,0.3037344351546325
gen_last_token_component_activation,plutchik_wheel,54,0.3857920089561486,0.12961646888569875,0.2943248934667724
gen_last_token_component_activation,plutchik_wheel,55,0.40109517528667815,0.13361623816960463,0.3087303212516067
gen_last_token_component_activation,plutchik_wheel,56,0.40193615925621057,0.1275981124489277,0.31446292210277066
gen_last_token_component_activation,plutchik_wheel,57,0.4306345593534314,0.12237740728495149,0.35124113101378035
gen_last_token_component_activation,plutchik_wheel,58,0.4129755054871194,0.12069601204104978,0.3323986897006027
gen_last_token_component_activation,plutchik_wheel,59,0.3720661645662042,0.1263944124365655,0.2812158663211388
gen_last_token_component_activation,plutchik_wheel,60,0.4115372227266838,0.12652184108016318,0.32629937993982266
