slot,taxonomy,layer,macro_f1,control_f1,normalized_f1
last_token_activation,ekman_basic_emotions,0,0.29464552118593723,0.13243023852687452,0.18697664425696747
last_token_activation,ekman_basic_emotions,1,0.26601575062821403,0.13271497713140984,0.15369892247868522
last_token_activation,ekman_basic_emotions,2,0.29219947949807645,0.13820909988541089,0.17868647672212604
last_token_activation,ekman_basic_emotions,3,0.281054460670705,0.13665344316585457,0.16725730398967795
last_token_activation,ekman_basic_emotions,4,0.2651672891668442,0.13911783515218176,0.14641893996833436
last_token_activation,ekman_basic_emotions,5,0.29991485219860253,0.13684214195008368,0.18892570892761124
last_token_activation,ekman_basic_emotions,6,0.2968690064265598,0.14130671930275565,0.18116164481628433
last_token_activation,ekman_basic_emotions,7,0.30293818939984846,0.13423851835470033,0.19485698384796468
last_token_activation,ekman_basic_emotions,8,0.29190222455321785,0.14059313250749036,0.17606223288301365
last_token_activation,ekman_basic_emotions,9,0.3215038169301519,0.15580377597307962,0.196281428702278
last_token_activation,ekman_basic_emotions,10,0.3069688214652645,0.14012169137006156,0.19403574717571823
last_token_activation,ekman_basic_emotions,11,0.3304929484039939,0.13759242645531866,0.22367674851904704
last_token_activation,ekman_basic_emotions,12,0.33077017805721326,0.136455841115643,0.22501957189150787
last_token_activation,ekman_basic_emotions,13,0.3708913638025574,0.14214109302441547,0.26665255663616066
last_token_activation,ekman_basic_emotions,14,0.3795833323455084,0.13828657568256267,0.28001972564611805
last_token_activation,ekman_basic_emotions,15,0.40125166030151477,0.13935580665302175,0.30430212121689965
last_token_activation,ekman_basic_emotions,16,0.4067228865145717,0.14591137171690036,0.30536820906040885
last_token_activation,ekman_basic_emotions,17,0.4153756230465291,0.14895151929007203,0.3130539678940632
last_token_activation,ekman_basic_emotions,18,0.4531067311808476,0.14257192602534471,0.3621700928405594
last_token_activation,ekman_basic_emotions,19,0.41659139203189965,0.1375667967402301,0.3235318332330321
last_token_activation,ekman_basic_emotions,20,0.40570537525838424,0.13827614996958618,0.3103421418350663
last_token_activation,ekman_basic_emotions,21,0.401529244359664,0.13718313063238188,0.30637569003608905
last_token_activation,ekman_basic_emotions,22,0.39725472951535207,0.13782073545506957,0.3009049332649112
last_token_activation,ekman_basic_emotions,23,0.39750218548532074,0.13865057892911228,0.300518698015013
last_token_activation,ekman_basic_emotions,24,0.4364556868444642,0.13512686056664377,0.34840812199953825
last_token_activation,ekman_basic_emotions,25,0.4199496620664747,0.1399693724308757,0.3255468824720383
last_token_activation,ekman_basic_emotions,26,0.42697238995725856,0.14370895543952636,0.3308027525420737
last_token_activation,ekman_basic_emotions,27,0.42502528116275,0.13787352868867694,0.33307381460785646
last_token_activation,ekman_basic_emotions,28,0.42092196312434044,0.1411310150650741,0.32576673854448857
last_token_activation,ekman_basic_emotions,29,0.41995738017565765,0.13664822666184925,0.32815031168395375
last_token_activation,ekman_basic_emotions,30,0.4117926962331896,0.14335477186708898,0.31335950467052814
last_token_activation,ekman_basic_emotions,31,0.4130995022875587,0.1430536557173642,0.3151257349679861
last_token_activation,ekman_basic_emotions,32,0.41850289412876596,0.1444298579385189,0.3203396457125922
last_token_activation,ekman_basic_emotions,33,0.43220673354518446,0.1386897885739891,0.34077959494435806
last_token_activation,ekman_basic_emotions,34,0.43286687694234505,0.14711318263393794,0.3350429253800515
last_token_activation,ekman_basic_emotions,35,0.4111166825747647,0.13811557014754064,0.31674909416098557
last_token_activation,ekman_basic_emotions,36,0.4009585024240743,0.13875781649784388,0.30444477865682024
last_token_activation,ekman_basic_emotions,37,0.3901735507439592,0.1459216739504258,0.28598299399925997
last_token_activation,ekman_basic_emotions,38,0.4128342036479425,0.14609530214713132,0.31237549362536865
last_token_activation,ekman_basic_emotions,39,0.40168091084723645,0.14052751943062797,0.3038531160923303
last_token_activation,go_emotions,0,0.08614609142854973,0.0351903082388323,0.05281433595127193
last_token_activation,go_emotions,1,0.09350280702451233,0.034695660760813506,0.06092083488410321
last_token_activation,go_emotions,2,0.09941238026004122,0.03898738305430129,0.06287638282812909
last_token_activation,go_emotions,3,0.10246698221934153,0.03272736227848616,0.07209923781689151
last_token_activation,go_emotions,4,0.0985299055420056,0.036773415847761025,0.06411418736807195
last_token_activation,go_emotions,5,0.1228268648950818,0.03723082965897565,0.0889060824473503
last_token_activation,go_emotions,6,0.1330710924240995,0.03540792628468886,0.10124815328747443
last_token_activation,go_emotions,7,0.12889464615612448,0.040014204669963575,0.0925851631540073
last_token_activation,go_emotions,8,0.15356315196321585,0.040517411616122774,0.11781948074482917
last_token_activation,go_emotions,9,0.15320725020922607,0.035588646317847035,0.1219589581171017
last_token_activation,go_emotions,10,0.1416852138006361,0.04327327272175958,0.10286316695556874
last_token_activation,go_emotions,11,0.16244668338676502,0.03942584964856929,0.12807010650160422
last_token_activation,go_emotions,12,0.15296344375014242,0.03496345903127932,0.12227514680471337
last_token_activation,go_emotions,13,0.17746908926366106,0.0386329119170292,0.14441536335873567
last_token_activation,go_emotions,14,0.2032022013025418,0.03420794396733611,0.17497996207321273
last_token_activation,go_emotions,15,0.18710866322652972,0.03399675118891589,0.15850041107631624
last_token_activation,go_emotions,16,0.19703711618630598,0.0368452205182652,0.1663199924670868
last_token_activation,go_emotions,17,0.19583285528962785,0.037153774237176085,0.1648021011109399
last_token_activation,go_emotions,18,0.1895894934105114,0.041183007046050456,0.15478082622132738
last_token_activation,go_emotions,19,0.22760840641019933,0.03336897167968566,0.20094475455442154
last_token_activation,go_emotions,20,0.21176394543127228,0.036831142477326224,0.1816221543996796
last_token_activation,go_emotions,21,0.2159323720902617,0.0414193020476337,0.18205360322339798
last_token_activation,go_emotions,22,0.22067681929622118,0.0360821439228965,0.19150457086102474
last_token_activation,go_emotions,23,0.21492059003351385,0.03545691672400188,0.1860608161742004
last_token_activation,go_emotions,24,0.21484036285368774,0.03657975883323316,0.18502891718837977
last_token_activation,go_emotions,25,0.2203780038716791,0.03804149109818503,0.1895471697439965
last_token_activation,go_emotions,26,0.22117781051252494,0.03919242059860862,0.18940877842293674
last_token_activation,go_emotions,27,0.22236648953049237,0.03871731010623946,0.19104596530761364
last_token_activation,go_emotions,28,0.22245791470951765,0.03946053667228424,0.19051521048729525
last_token_activation,go_emotions,29,0.21736164780479345,0.041753439082504194,0.18325994152710448
last_token_activation,go_emotions,30,0.20612009137935622,0.04494355275254313,0.16876126965200408
last_token_activation,go_emotions,31,0.2090377563288273,0.03480418526269688,0.18051629359121443
last_token_activation,go_emotions,32,0.2290523410840174,0.03733645303723582,0.19915149862239162
last_token_activation,go_emotions,33,0.23181427678090985,0.04223734135695878,0.19793727988157714
last_token_activation,go_emotions,34,0.21604688458422863,0.03789408508328622,0.1851696333416311
last_token_activation,go_emotions,35,0.1944848916886559,0.03938569965376971,0.16145834179127297
last_token_activation,go_emotions,36,0.18915634608464818,0.038071488118153626,0.15706453868481685
last_token_activation,go_emotions,37,0.19371416085985052,0.03591746826960581,0.16367550224877694
last_token_activation,go_emotions,38,0.18477268007337552,0.03275297897054527,0.15716740170575405
last_token_activation,go_emotions,39,0.19673557431925287,0.03757360882245165,0.16537572842538462
last_token_activation,plutchik_wheel,0,0.21150748080636356,0.1054718265876355,0.11853808227664078
last_token_activation,plutchik_wheel,1,0.20635242436062504,0.11720617439137204,0.10098195907497716
last_token_activation,plutchik_wheel,2,0.28626495961229237,0.10511667251643042,0.2024267091948787
last_token_activation,plutchik_wheel,3,0.28100185606037437,0.10702662290949407,0.19482689810722914
last_token_activation,plutchik_wheel,4,0.2745786155094301,0.11395478722711279,0.18128175172872213
last_token_activation,plutchik_wheel,5,0.22235577490975597,0.11795566595624762,0.11836152098487347
last_token_activation,plutchik_wheel,6,0.24420749891369542,0.10997616490209237,0.15081768455879255
last_token_activation,plutchik_wheel,7,0.247476073316203,0.11161720314444168,0.15292829921137086
last_token_activation,plutchik_wheel,8,0.25240142943986693,0.11068452251518175,0.159355043865302
last_token_activation,plutchik_wheel,9,0.2522491308785859,0.10388720235655817,0.16556166691535198
last_token_activation,plutchik_wheel,10,0.2570875393200865,0.10545119304180307,0.169511540453454
last_token_activation,plutchik_wheel,11,0.26069259306050285,0.10888600680247691,0.17035596726891117
last_token_activation,plutchik_wheel,12,0.267999933875301,0.11383020695418526,0.17397312358303912
last_token_activation,plutchik_wheel,13,0.29872710871221325,0.10806157229451392,0.21376535699688032
last_token_activation,plutchik_wheel,14,0.3513609309155179,0.10797539166379551,0.27284621632320516
last_token_activation,plutchik_wheel,15,0.31808208869284793,0.1073409356778479,0.23608246579003597
last_token_activation,plutchik_wheel,16,0.33252110927500933,0.1074225260971761,0.25218940625241454
last_token_activation,plutchik_wheel,17,0.3625992811587965,0.10584044173682737,0.2871510314341446
last_token_activation,plutchik_wheel,18,0.35241414321920755,0.11493633482028605,0.2683172044473221
last_token_activation,plutchik_wheel,19,0.38825398402039785,0.10598576461146918,0.3157312358524776
last_token_activation,plutchik_wheel,20,0.3835062111019431,0.10567630748286483,0.3106592232138087
last_token_activation,plutchik_wheel,21,0.38161825469299926,0.10724556377679244,0.30733276675379945
last_token_activation,plutchik_wheel,22,0.3819307485585221,0.10816674790555324,0.30696769828893616
last_token_activation,plutchik_wheel,23,0.38552630415167966,0.10891425669432103,0.31042135903914847
last_token_activation,plutchik_wheel,24,0.36228656486692373,0.11222231842626777,0.2816744007321471
last_token_activation,plutchik_wheel,25,0.3670573475017329,0.11040720483315637,0.28850294658742337
last_token_activation,plutchik_wheel,26,0.3666908902237448,0.10470275451319566,0.2926269873287693
last_token_activation,plutchik_wheel,27,0.3654849818249061,0.10492290287838037,0.2911057380246224
last_token_activation,plutchik_wheel,28,0.3585106939079197,0.10663056473527917,0.28194397438502483
last_token_activation,plutchik_wheel,29,0.35850978193590755,0.1003593055049063,0.2869484206424025
last_token_activation,plutchik_wheel,30,0.3685841585992432,0.10403759412280407,0.2952652507974748
last_token_activation,plutchik_wheel,31,0.4263840124174485,0.11546134692712517,0.35150828560197156
last_token_activation,plutchik_wheel,32,0.42732707639898293,0.11563052692573665,0.3524505978137399
last_token_activation,plutchik_wheel,33,0.4284695640152485,0.10294424483945101,0.36288192490057336
last_token_activation,plutchik_wheel,34,0.38333182390588516,0.10558528467762761,0.31053440252059117
last_token_activation,plutchik_wheel,35,0.3839832814866916,0.10632081222704752,0.31069591085765197
last_token_activation,plutchik_wheel,36,0.41537229228899714,0.10608026220275842,0.3459953024959297
last_token_activation,plutchik_wheel,37,0.3929837668492223,0.11348281083898328,0.31527979313605137
last_token_activation,plutchik_wheel,38,0.3761634918133162,0.10033115209134598,0.3065931874413154
last_token_activation,plutchik_wheel,39,0.38564065450919144,0.11065925415464478,0.30919689853315496
last_token_component_activation,ekman_basic_emotions,0,0.2881822072575915,0.1297649178593434,0.18203964957211763
last_token_component_activation,ekman_basic_emotions,1,0.27446325968727336,0.12520024961243229,0.1706253459819944
last_token_component_activation,ekman_basic_emotions,2,0.28236939048778714,0.11893068222793064,0.18550039703248156
last_token_component_activation,ekman_basic_emotions,3,0.27660120429550483,0.13330488829598441,0.1653364765353118
last_token_component_activation,ekman_basic_emotions,4,0.31148111884786933,0.13695815227622857,0.20221842895791917
last_token_component_activation,ekman_basic_emotions,5,0.27661387318905206,0.12910261647520668,0.16937845893717274
last_token_component_activation,ekman_basic_emotions,6,0.30401527338653217,0.13083398017468942,0.19924995830675662
last_token_component_activation,ekman_basic_emotions,7,0.3209432763292225,0.1416638958683902,0.2088685068679613
last_token_component_activation,ekman_basic_emotions,8,0.3114013429820877,0.13681882702133696,0.2022547773583869
last_token_component_activation,ekman_basic_emotions,9,0.32645172655849375,0.13815114875999723,0.21848445644218842
last_token_component_activation,ekman_basic_emotions,10,0.32692318930481573,0.14025890974661487,0.21711685259010557
last_token_component_activation,ekman_basic_emotions,11,0.3268697083201393,0.14648285514388062,0.21134531891174507
last_token_component_activation,ekman_basic_emotions,12,0.35047620573844046,0.14271840990255547,0.24234487038531857
last_token_component_activation,ekman_basic_emotions,13,0.3684024319462627,0.14392651131078535,0.2622157134887869
last_token_component_activation,ekman_basic_emotions,14,0.37956824954301494,0.14071292594897358,0.2779691802740391
last_token_component_activation,ekman_basic_emotions,15,0.39148376524951456,0.1401778116736843,0.2922766555548062
last_token_component_activation,ekman_basic_emotions,16,0.3891116677534559,0.13861801024392614,0.2908043823628871
last_token_component_activation,ekman_basic_emotions,17,0.4236173767125334,0.1487857573793093,0.3228700902455314
last_token_component_activation,ekman_basic_emotions,18,0.41720200061314844,0.14384385606519745,0.31928538559756875
last_token_component_activation,ekman_basic_emotions,19,0.4080973867352154,0.12818567118882448,0.3210680374204041
last_token_component_activation,ekman_basic_emotions,20,0.44480487318264805,0.14677518339412368,0.34929796225815946
last_token_component_activation,ekman_basic_emotions,21,0.412803100688016,0.13385392606541133,0.32205788725155726
last_token_component_activation,ekman_basic_emotions,22,0.3995663175338952,0.11854852297165576,0.3188125516672122
last_token_component_activation,ekman_basic_emotions,23,0.41036201400333866,0.14614842296332195,0.3094373754710149
last_token_component_activation,ekman_basic_emotions,24,0.41961854738932,0.13297081061717927,0.3306090963052649
last_token_component_activation,ekman_basic_emotions,25,0.4434968831529285,0.1458729557236059,0.3484539324960328
last_token_component_activation,ekman_basic_emotions,26,0.4101590172681795,0.15031695443062673,0.30581057747648993
last_token_component_activation,ekman_basic_emotions,27,0.4479536603465274,0.13851745444243316,0.35919033705299463
last_token_component_activation,ekman_basic_emotions,28,0.409168176311439,0.13257794458374814,0.3188646518734906
last_token_component_activation,ekman_basic_emotions,29,0.39624501222093766,0.13510537900057248,0.3019323127696247
last_token_component_activation,ekman_basic_emotions,30,0.42992667699150505,0.14301658829719402,0.33479071447162245
last_token_component_activation,ekman_basic_emotions,31,0.39491280366086196,0.143874905601475,0.29322572098620103
last_token_component_activation,ekman_basic_emotions,32,0.4214653089131267,0.14481243110219275,0.32349964834906675
last_token_component_activation,ekman_basic_emotions,33,0.4351255037848448,0.13686905466001723,0.3455517969030133
last_token_component_activation,ekman_basic_emotions,34,0.4894799983986292,0.13818739451135054,0.4076206377697331
last_token_component_activation,ekman_basic_emotions,35,0.3926187678062037,0.1372533109713758,0.2959912336752595
last_token_component_activation,ekman_basic_emotions,36,0.35842912294612134,0.1436475902123845,0.2508097487423489
last_token_component_activation,ekman_basic_emotions,37,0.38125376135403793,0.14020869021296997,0.28035299775334405
last_token_component_activation,ekman_basic_emotions,38,0.3861570174116183,0.12226643527497257,0.3006499839382538
last_token_component_activation,ekman_basic_emotions,39,0.40434198521664044,0.1388390938191656,0.30830811000809893
last_token_component_activation,go_emotions,0,0.08384078673455811,0.031041575290004803,0.05449068824635678
last_token_component_activation,go_emotions,1,0.0872675030181485,0.02150323028114723,0.06720949396276192
last_token_component_activation,go_emotions,2,0.08364661118617807,0.027145923633746075,0.05807724809405124
last_token_component_activation,go_emotions,3,0.0916504450968956,0.03241585748002144,0.06121905580490752
last_token_component_activation,go_emotions,4,0.09370837029800608,0.03002096701363724,0.06565853602864861
last_token_component_activation,go_emotions,5,0.12123381055195434,0.03188934059790539,0.09228745607369733
last_token_component_activation,go_emotions,6,0.12443742931772049,0.03560115699452085,0.09211569774010495
last_token_component_activation,go_emotions,7,0.13531916945192915,0.03653984760346305,0.1025255913311617
last_token_component_activation,go_emotions,8,0.1476634339626398,0.037517806668936005,0.11443913254384451
last_token_component_activation,go_emotions,9,0.12908019104133855,0.03440533053586964,0.09804824270416694
last_token_component_activation,go_emotions,10,0.1472980746861021,0.04308769719247579,0.10890274603835609
last_token_component_activation,go_emotions,11,0.16345877561100067,0.037431823463928864,0.13092781916040114
last_token_component_activation,go_emotions,12,0.15355620487277383,0.036499630564209934,0.12149094906638208
last_token_component_activation,go_emotions,13,0.1705574285697766,0.039317030624024626,0.13661155878614248
last_token_component_activation,go_emotions,14,0.19038494614985066,0.0348694520926774,0.16113415371047476
last_token_component_activation,go_emotions,15,0.21295300321196364,0.03531209091617809,0.18414340080668543
last_token_component_activation,go_emotions,16,0.1750392597722354,0.03669852526929961,0.14361104818365422
last_token_component_activation,go_emotions,17,0.1894175247991224,0.03616972534508245,0.15899874021793686
last_token_component_activation,go_emotions,18,0.20234660287307743,0.03591865638797586,0.1726285313867429
last_token_component_activation,go_emotions,19,0.2114259404209416,0.02202561948813671,0.19366593308269936
last_token_component_activation,go_emotions,20,0.18051038631333946,0.03767016368836929,0.14843166784939452
last_token_component_activation,go_emotions,21,0.20192359308398483,0.03568690529300316,0.17238870726057298
last_token_component_activation,go_emotions,22,0.19666989432593424,0.021602530010796508,0.17893276473524566
last_token_component_activation,go_emotions,23,0.19413999342196744,0.03561909295086355,0.16437581801173823
last_token_component_activation,go_emotions,24,0.2057735175817976,0.03824774942256304,0.17418806980555746
last_token_component_activation,go_emotions,25,0.22071197996065825,0.03530581965347549,0.19219164382289902
last_token_component_activation,go_emotions,26,0.2203320037901354,0.03859359516910393,0.18903390668902173
last_token_component_activation,go_emotions,27,0.1947011133793347,0.044607525974093155,0.15710149649051092
last_token_component_activation,go_emotions,28,0.21539316341242282,0.03908687200052694,0.18347786732703747
last_token_component_activation,go_emotions,29,0.2182848953482799,0.03749484609316914,0.18783281161797394
last_token_component_activation,go_emotions,30,0.20256794510115064,0.0422880360720024,0.16735711264561204
last_token_component_activation,go_emotions,31,0.21100706072943087,0.032612699642569375,0.18440841741559796
last_token_component_activation,go_emotions,32,0.19818601611163533,0.038088386537988496,0.16643694424006406
last_token_component_activation,go_emotions,33,0.23387367377490087,0.036106203714511585,0.20517558139964834
last_token_component_activation,go_emotions,34,0.20057585275155945,0.03829869715772564,0.1687396649190652
last_token_component_activation,go_emotions,35,0.18575142815035556,0.036807195391145575,0.1546359483236538
last_token_component_activation,go_emotions,36,0.1688557367618962,0.04040355647331787,0.13386062563601678
last_token_component_activation,go_emotions,37,0.1980269890370613,0.03387046513626499,0.16991150562843452
last_token_component_activation,go_emotions,38,0.15996660713204902,0.02080906304298032,0.14211482034496897
last_token_component_activation,go_emotions,39,0.15811666323729795,0.03620534626827703,0.1264909662001046
last_token_component_activation,plutchik_wheel,0,0.20903610406419648,0.10864102144676414,0.11263148185300553
last_token_component_activation,plutchik_wheel,1,0.21758914946037067,0.09512366636582044,0.13533946965183882
last_token_component_activation,plutchik_wheel,2,0.25024940269917634,0.08314486044625209,0.18225839071399813
last_token_component_activation,plutchik_wheel,3,0.2305937206802449,0.10137219378418999,0.1437987184485383
last_token_component_activation,plutchik_wheel,4,0.27327706094587173,0.10032497678818209,0.1922383968605185
last_token_component_activation,plutchik_wheel,5,0.22322928708930112,0.10540558879827393,0.1317062758448852
last_token_component_activation,plutchik_wheel,6,0.24273627824924443,0.1011741266880124,0.15749674743964007
last_token_component_activation,plutchik_wheel,7,0.2557088257727701,0.10825799017883643,0.16535145139512328
last_token_component_activation,plutchik_wheel,8,0.2544477139449803,0.10994155068143048,0.1623558131201204
last_token_component_activation,plutchik_wheel,9,0.249186879053631,0.10809717371638161,0.1581895484344882
last_token_component_activation,plutchik_wheel,10,0.28461698988868134,0.10292920736820277,0.20253449784876937
last_token_component_activation,plutchik_wheel,11,0.2513447879371918,0.10551896249663144,0.1630284146074043
last_token_component_activation,plutchik_wheel,12,0.26261651301051364,0.11429327689752626,0.16746314806490048
last_token_component_activation,plutchik_wheel,13,0.2935861239916282,0.1129929614521135,0.2035983421677945
last_token_component_activation,plutchik_wheel,14,0.34765444469918466,0.11405509348654004,0.26367254836640974
last_token_component_activation,plutchik_wheel,15,0.30468670247699264,0.1117846411983109,0.21717938039140663
last_token_component_activation,plutchik_wheel,16,0.34304389667081525,0.10478781374629915,0.2661448163720539
last_token_component_activation,plutchik_wheel,17,0.34981799530607877,0.10756349092621387,0.2714529290507045
last_token_component_activation,plutchik_wheel,18,0.3393227742554704,0.11276160324158944,0.25535546234432427
last_token_component_activation,plutchik_wheel,19,0.382043941290073,0.09848867571232978,0.314533226525795
last_token_component_activation,plutchik_wheel,20,0.386870086212664,0.10722086133469594,0.31323449749961774
last_token_component_activation,plutchik_wheel,21,0.38807903939592275,0.10537704429435091,0.316001275507832
last_token_component_activation,plutchik_wheel,22,0.36500519845829005,0.08766650444248843,0.3039882842910691
last_token_component_activation,plutchik_wheel,23,0.4175090297512918,0.11448812869141045,0.34219857562393136
last_token_component_activation,plutchik_wheel,24,0.40104935595583563,0.11205628024450366,0.32546328025261434
last_token_component_activation,plutchik_wheel,25,0.4073301686247261,0.10634144241891358,0.336805062350116
last_token_component_activation,plutchik_wheel,26,0.42246562944011473,0.11248521524122239,0.3492678877266744
last_token_component_activation,plutchik_wheel,27,0.3809642254868911,0.10091518771966591,0.31148233619578264
last_token_component_activation,plutchik_wheel,28,0.3564035402500728,0.11179297383596731,0.2753981439107995
last_token_component_activation,plutchik_wheel,29,0.3845320352074743,0.10718697688480149,0.31064181541053454
last_token_component_activation,plutchik_wheel,30,0.380015624523892,0.11110178544894889,0.30252489505872315
last_token_component_activation,plutchik_wheel,31,0.36321886143902926,0.11423652469978125,0.2810934788825634
last_token_component_activation,plutchik_wheel,32,0.3587660331111187,0.10695978057971083,0.2819651870717157
last_token_component_activation,plutchik_wheel,33,0.4000514177174022,0.10667107557053185,0.32841245158857935
last_token_component_activation,plutchik_wheel,34,0.4313748216213972,0.10136597857878372,0.3672338629253038
last_token_component_activation,plutchik_wheel,35,0.3856597455416656,0.10969723537526736,0.3099647907784695
last_token_component_activation,plutchik_wheel,36,0.38435535364833356,0.10744888837208257,0.3102415779542343
last_token_component_activation,plutchik_wheel,37,0.3923860518172181,0.11268527621508263,0.31522160976778085
last_token_component_activation,plutchik_wheel,38,0.39496588170265495,0.08758841040301847,0.3368846634613741
last_token_component_activation,plutchik_wheel,39,0.315800072511833,0.1058139427943708,0.23483494069867084
gen_last_token_activation,ekman_basic_emotions,0,0.28270360329020444,0.13616722574779816,0.16963512141485845
gen_last_token_activation,ekman_basic_emotions,1,0.27746906648575864,0.14133048715608865,0.15854595661464602
gen_last_token_activation,ekman_basic_emotions,2,0.2953216686436934,0.13512878021874022,0.18522166625624173
gen_last_token_activation,ekman_basic_emotions,3,0.27714788282165087,0.14843607244094917,0.15114756064133109
gen_last_token_activation,ekman_basic_emotions,4,0.29339613382832613,0.1390555386002524,0.17926893330278526
gen_last_token_activation,ekman_basic_emotions,5,0.32087764679030695,0.14623010815221454,0.2045604328586812
gen_last_token_activation,ekman_basic_emotions,6,0.33969235309979773,0.14081229838039214,0.23147451289689977
gen_last_token_activation,ekman_basic_emotions,7,0.3502795314913866,0.14228899634152894,0.24249488961048313
gen_last_token_activation,ekman_basic_emotions,8,0.35999736790982695,0.13988819654974363,0.2559076279120184
gen_last_token_activation,ekman_basic_emotions,9,0.3298939343958348,0.13938496200422765,0.2213637503189237
gen_last_token_activation,ekman_basic_emotions,10,0.32949144569868644,0.1371047510543146,0.2229548660505854
gen_last_token_activation,ekman_basic_emotions,11,0.32418579367080136,0.14102119450702214,0.21323529520458767
gen_last_token_activation,ekman_basic_emotions,12,0.33666230603908254,0.14261001598547393,0.22632908439751606
gen_last_token_activation,ekman_basic_emotions,13,0.3563746048251902,0.145007331121638,0.24721530534389055
gen_last_token_activation,ekman_basic_emotions,14,0.35643347180357504,0.13693795661283817,0.2543218264231708
gen_last_token_activation,ekman_basic_emotions,15,0.37068056682498846,0.14438868300722485,0.2644797694040721
gen_last_token_activation,ekman_basic_emotions,16,0.35688735699119617,0.13615859172174835,0.25552000998584795
gen_last_token_activation,ekman_basic_emotions,17,0.36366628039582294,0.14159064845022482,0.2587059793147197
gen_last_token_activation,ekman_basic_emotions,18,0.3708917215375476,0.1454617400302606,0.26380326319768277
gen_last_token_activation,ekman_basic_emotions,19,0.3667280304331148,0.13675036255334141,0.2664092261422861
gen_last_token_activation,ekman_basic_emotions,20,0.34925355434482014,0.13805090066178052,0.24502914829332165
gen_last_token_activation,ekman_basic_emotions,21,0.3841246578612941,0.1308191921844485,0.29143011833574617
gen_last_token_activation,ekman_basic_emotions,22,0.4167728881158738,0.14369156675772587,0.3189053275163593
gen_last_token_activation,ekman_basic_emotions,23,0.39948433510716314,0.13342920679375184,0.3070206501294913
gen_last_token_activation,ekman_basic_emotions,24,0.421305607317118,0.14459810796921688,0.3234824495080067
gen_last_token_activation,ekman_basic_emotions,25,0.4202868256037731,0.14377977397409072,0.32293917291941576
gen_last_token_activation,ekman_basic_emotions,26,0.41869537754160985,0.14597280514567798,0.3193371054682308
gen_last_token_activation,ekman_basic_emotions,27,0.4030464203404162,0.1364465564110696,0.3087242207284322
gen_last_token_activation,ekman_basic_emotions,28,0.3773745084669455,0.14059994889508856,0.27551145623908346
gen_last_token_activation,ekman_basic_emotions,29,0.3761537050822393,0.148409124194228,0.2674342660993405
gen_last_token_activation,ekman_basic_emotions,30,0.3628956459903665,0.145642888900307,0.25428799534473445
gen_last_token_activation,ekman_basic_emotions,31,0.41333600286270655,0.14897299337031836,0.3106399766787
gen_last_token_activation,ekman_basic_emotions,32,0.40410228389279906,0.1376632231566558,0.30897332444925485
gen_last_token_activation,ekman_basic_emotions,33,0.41309700099612945,0.140549497674103,0.3171183245392747
gen_last_token_activation,ekman_basic_emotions,34,0.40748036755787215,0.14621496650251334,0.3060084105539991
gen_last_token_activation,ekman_basic_emotions,35,0.38158972581554745,0.13890267802675826,0.281834633084982
gen_last_token_activation,ekman_basic_emotions,36,0.42497749021861736,0.1418050652262939,0.3299628248994408
gen_last_token_activation,ekman_basic_emotions,37,0.3840769308792389,0.14513136019157577,0.2795114472104284
gen_last_token_activation,ekman_basic_emotions,38,0.39865787076719805,0.15663856301130666,0.28696985318660717
gen_last_token_activation,ekman_basic_emotions,39,0.4050716492165708,0.13876731744376503,0.30921298873886754
gen_last_token_activation,go_emotions,0,0.10281050255552024,0.03902386961283454,0.06637691710093449
gen_last_token_activation,go_emotions,1,0.11036309681845392,0.03903844678450934,0.07422216819734764
gen_last_token_activation,go_emotions,2,0.11770701135237283,0.0326997052737067,0.08788098850183824
gen_last_token_activation,go_emotions,3,0.12846478768489608,0.03903707448650843,0.09306052379762919
gen_last_token_activation,go_emotions,4,0.1380462990660347,0.03292014014278347,0.10870473400073956
gen_last_token_activation,go_emotions,5,0.14164833411248687,0.0383531872793219,0.10741484863962034
gen_last_token_activation,go_emotions,6,0.15235889825431548,0.03742853423093087,0.11939930499763805
gen_last_token_activation,go_emotions,7,0.15999613002857194,0.033042966796066865,0.13129142130737304
gen_last_token_activation,go_emotions,8,0.1622986047608128,0.035961038831092744,0.13105026976973463
gen_last_token_activation,go_emotions,9,0.14893609630135504,0.03541128629054157,0.11769245109061893
gen_last_token_activation,go_emotions,10,0.15269889091765249,0.03347912791652174,0.12334939311153723
gen_last_token_activation,go_emotions,11,0.14984682777511696,0.03375578333136781,0.12014669008214297
gen_last_token_activation,go_emotions,12,0.16232349451115105,0.03863790945287929,0.12865660740572896
gen_last_token_activation,go_emotions,13,0.17961025505329598,0.03508299891135622,0.1497820599894918
gen_last_token_activation,go_emotions,14,0.17878497367943924,0.03751132370488943,0.14677954500031293
gen_last_token_activation,go_emotions,15,0.18469716879705164,0.039235251182253954,0.15140222181735286
gen_last_token_activation,go_emotions,16,0.17658069261196868,0.03820959429416574,0.14386824561454822
gen_last_token_activation,go_emotions,17,0.17577421141268312,0.04061664412000486,0.140879624880197
gen_last_token_activation,go_emotions,18,0.17146052484404975,0.0433702995516242,0.13389739544192408
gen_last_token_activation,go_emotions,19,0.17608321059774495,0.03453905369146465,0.14660785342739965
gen_last_token_activation,go_emotions,20,0.17462494509847545,0.03448057451683103,0.145149198330746
gen_last_token_activation,go_emotions,21,0.19887827632923313,0.043793178490630115,0.16218781789676173
gen_last_token_activation,go_emotions,22,0.20657085650489387,0.03644943466686354,0.17655681804225068
gen_last_token_activation,go_emotions,23,0.19665580878887953,0.03677179500098709,0.1659876786810414
gen_last_token_activation,go_emotions,24,0.20753536348740637,0.03828582936797877,0.17598735600225152
gen_last_token_activation,go_emotions,25,0.21359231572919818,0.0445515429250754,0.17692296382123612
gen_last_token_activation,go_emotions,26,0.19789168304229765,0.03516332068218596,0.16865897187404655
gen_last_token_activation,go_emotions,27,0.200058927115813,0.03747400552483232,0.16891483713084823
gen_last_token_activation,go_emotions,28,0.20793430164020182,0.04083417704358463,0.17421401033824183
gen_last_token_activation,go_emotions,29,0.2072528670075591,0.038078730004497,0.17587108454713035
gen_last_token_activation,go_emotions,30,0.2086887185219496,0.03682881175164457,0.17843132027532227
gen_last_token_activation,go_emotions,31,0.1862625326138443,0.04142419849674206,0.1510974237926347
gen_last_token_activation,go_emotions,32,0.17887422925505328,0.032772774725276205,0.1510518425370828
gen_last_token_activation,go_emotions,33,0.17585225871742927,0.03460412739588479,0.1463110992390443
gen_last_token_activation,go_emotions,34,0.1880487764954661,0.04013033293773286,0.15410263354862086
gen_last_token_activation,go_emotions,35,0.19242596393428832,0.037859804328158955,0.16064827173985724
gen_last_token_activation,go_emotions,36,0.1930064961827551,0.035382991230486015,0.1634052722679408
gen_last_token_activation,go_emotions,37,0.17359639077541747,0.041170069588162016,0.13811241909227376
gen_last_token_activation,go_emotions,38,0.18300775554170556,0.042905689311140305,0.14638271763388513
gen_last_token_activation,go_emotions,39,0.20118716824913133,0.03586488460828612,0.17147211111969216
gen_last_token_activation,plutchik_wheel,0,0.24487570752041254,0.10654429819697002,0.15482738432838258
gen_last_token_activation,plutchik_wheel,1,0.23140137614065073,0.11102840225297161,0.13540699634583067
gen_last_token_activation,plutchik_wheel,2,0.2616022567630762,0.11263857320877453,0.16787261543807133
gen_last_token_activation,plutchik_wheel,3,0.26855130355765344,0.11265798432141146,0.17568571811290112
gen_last_token_activation,plutchik_wheel,4,0.262048589171595,0.11185036173880263,0.16911365040563167
gen_last_token_activation,plutchik_wheel,5,0.2697065528279854,0.11170777672456815,0.1778680168118805
gen_last_token_activation,plutchik_wheel,6,0.30702503385843416,0.117889743151066,0.2144123019076952
gen_last_token_activation,plutchik_wheel,7,0.2953061560824196,0.11030382000757306,0.20793877756833945
gen_last_token_activation,plutchik_wheel,8,0.32273139785571975,0.10909315633024097,0.2397986310728915
gen_last_token_activation,plutchik_wheel,9,0.3142174239218521,0.10836235878651397,0.23087300896715954
gen_last_token_activation,plutchik_wheel,10,0.3152891760517119,0.10645401304477024,0.23371507013147733
gen_last_token_activation,plutchik_wheel,11,0.30741640257961694,0.10929572402029013,0.22243148921835865
gen_last_token_activation,plutchik_wheel,12,0.3132765417977923,0.11183524026122098,0.22680623085723176
gen_last_token_activation,plutchik_wheel,13,0.32703727598985216,0.10639340998007747,0.24691387515937585
gen_last_token_activation,plutchik_wheel,14,0.3341262486111997,0.1150725025420138,0.24753863644019716
gen_last_token_activation,plutchik_wheel,15,0.3387753547532676,0.10918506334227086,0.2577306261527252
gen_last_token_activation,plutchik_wheel,16,0.34067750068909375,0.10268580377428105,0.2652267153644207
gen_last_token_activation,plutchik_wheel,17,0.33827713843677765,0.11604637721365613,0.2514054532890758
gen_last_token_activation,plutchik_wheel,18,0.3481806138498932,0.11045440902271149,0.2672445428749826
gen_last_token_activation,plutchik_wheel,19,0.3237348124794608,0.11058315970273731,0.23965326843314944
gen_last_token_activation,plutchik_wheel,20,0.33536200283510575,0.11347604153601228,0.2502876083389087
gen_last_token_activation,plutchik_wheel,21,0.3535889308414903,0.10439591484118967,0.2782401511222598
gen_last_token_activation,plutchik_wheel,22,0.35572659878187335,0.11008668515672348,0.27602678769719247
gen_last_token_activation,plutchik_wheel,23,0.34708038422135684,0.11052572510604992,0.26594884842904626
gen_last_token_activation,plutchik_wheel,24,0.3588565449183314,0.12595289531879517,0.26646578697206974
gen_last_token_activation,plutchik_wheel,25,0.36277231108835284,0.1152285543384871,0.2797827144667693
gen_last_token_activation,plutchik_wheel,26,0.3512024263594078,0.108667565264092,0.27210370860920846
gen_last_token_activation,plutchik_wheel,27,0.35798731753713153,0.1077038210867,0.28049374452689474
gen_last_token_activation,plutchik_wheel,28,0.34778420393522674,0.11561701599092122,0.2625188319339285
gen_last_token_activation,plutchik_wheel,29,0.33992036310133794,0.11439073075063745,0.2546604243899323
gen_last_token_activation,plutchik_wheel,30,0.36168907053610533,0.1132106100415259,0.2802000828023157
gen_last_token_activation,plutchik_wheel,31,0.3493412674373933,0.11215827317173081,0.26714558135601074
gen_last_token_activation,plutchik_wheel,32,0.3472058846685877,0.11304358190421186,0.2640065486724818
gen_last_token_activation,plutchik_wheel,33,0.3401085651176172,0.11939741379916989,0.2506365013878258
gen_last_token_activation,plutchik_wheel,34,0.33015153355475463,0.11019587743669823,0.24719559118743967
gen_last_token_activation,plutchik_wheel,35,0.32011301059623126,0.10838054775362134,0.2374695418647086
gen_last_token_activation,plutchik_wheel,36,0.33138251403022917,0.10971806812940786,0.2489823032071166
gen_last_token_activation,plutchik_wheel,37,0.31762061750972287,0.10807818730090131,0.23493363120553418
gen_last_token_activation,plutchik_wheel,38,0.33521695762398696,0.11331682318046678,0.25025864958829996
gen_last_token_activation,plutchik_wheel,39,0.3336269231736574,0.10774638490149922,0.2531573248343992
gen_last_token_component_activation,ekman_basic_emotions,0,0.2466849755622902,0.13753254348135108,0.1265583196860935
gen_last_token_component_activation,ekman_basic_emotions,1,0.22312104448387401,0.13506438979208021,0.10180717923109453
gen_last_token_component_activation,ekman_basic_emotions,2,0.2404137830587503,0.13733503778377526,0.11948873524451618
gen_last_token_component_activation,ekman_basic_emotions,3,0.23280131595356846,0.13081654699465034,0.11733399733541684
gen_last_token_component_activation,ekman_basic_emotions,4,0.2586207240221609,0.13627493414530947,0.1416489977117723
gen_last_token_component_activation,ekman_basic_emotions,5,0.2672433115035556,0.14256807859967238,0.1454054016326661
gen_last_token_component_activation,ekman_basic_emotions,6,0.3044790997944446,0.14067179081797052,0.1906225202735957
gen_last_token_component_activation,ekman_basic_emotions,7,0.32814001098541185,0.14386872626584446,0.21523718426478952
gen_last_token_component_activation,ekman_basic_emotions,8,0.32187723561460185,0.14000605281657816,0.21147960795965198
gen_last_token_component_activation,ekman_basic_emotions,9,0.29925746803726466,0.13862127877005262,0.18648729682786042
gen_last_token_component_activation,ekman_basic_emotions,10,0.29149333638497726,0.1388576137864598,0.17724794998148877
gen_last_token_component_activation,ekman_basic_emotions,11,0.2974523588551629,0.13958228227904082,0.1834807365360655
gen_last_token_component_activation,ekman_basic_emotions,12,0.3208177350607842,0.14444007673855938,0.20615465209013492
gen_last_token_component_activation,ekman_basic_emotions,13,0.339716062910875,0.1407155940141784,0.2315885957087649
gen_last_token_component_activation,ekman_basic_emotions,14,0.34772654951367693,0.14025561152339802,0.24131700162405334
gen_last_token_component_activation,ekman_basic_emotions,15,0.3421871877119781,0.14533195075940034,0.23032946782963284
gen_last_token_component_activation,ekman_basic_emotions,16,0.3641303651358108,0.14024037717597088,0.26040998206502713
gen_last_token_component_activation,ekman_basic_emotions,17,0.3460863537276909,0.1415691204273171,0.23824542915112765
gen_last_token_component_activation,ekman_basic_emotions,18,0.35016375017251505,0.1364689152918177,0.24746629121395483
gen_last_token_component_activation,ekman_basic_emotions,19,0.3526882493175349,0.14634899470949395,0.24171383074494432
gen_last_token_component_activation,ekman_basic_emotions,20,0.32444065054283727,0.14088205401452575,0.21365936701247196
gen_last_token_component_activation,ekman_basic_emotions,21,0.33233690499933627,0.1398843688728645,0.2237519342303697
gen_last_token_component_activation,ekman_basic_emotions,22,0.3751586631462792,0.14025584792460258,0.2732240919052814
gen_last_token_component_activation,ekman_basic_emotions,23,0.36143425100055887,0.135633754942291,0.2612324316796897
gen_last_token_component_activation,ekman_basic_emotions,24,0.3807146539101307,0.15288937157701665,0.26894395453075964
gen_last_token_component_activation,ekman_basic_emotions,25,0.3855741488479682,0.14352462182161396,0.28261119139368923
gen_last_token_component_activation,ekman_basic_emotions,26,0.35413545496337673,0.14162287598662193,0.24757483981299894
gen_last_token_component_activation,ekman_basic_emotions,27,0.34074205399259716,0.14159186584547975,0.23199941871854257
gen_last_token_component_activation,ekman_basic_emotions,28,0.33892480988126067,0.1410712966697965,0.2303491691968781
gen_last_token_component_activation,ekman_basic_emotions,29,0.34238164637802865,0.14358985918014602,0.23212217805778937
gen_last_token_component_activation,ekman_basic_emotions,30,0.3318739892982782,0.14049947268683208,0.22265782338690393
gen_last_token_component_activation,ekman_basic_emotions,31,0.3656724875411053,0.14224427025325503,0.26048000559998374
gen_last_token_component_activation,ekman_basic_emotions,32,0.3363997985186592,0.14725806176390432,0.22180419218737646
gen_last_token_component_activation,ekman_basic_emotions,33,0.31508419444566566,0.14282471522956977,0.2009617895856979
gen_last_token_component_activation,ekman_basic_emotions,34,0.35339553147567837,0.1398818193531364,0.24823764562442577
gen_last_token_component_activation,ekman_basic_emotions,35,0.3163784382907899,0.14812567446633015,0.1975089033456375
gen_last_token_component_activation,ekman_basic_emotions,36,0.302727303383997,0.14224580328886177,0.18709497512278547
gen_last_token_component_activation,ekman_basic_emotions,37,0.31363803602671225,0.14022774552816686,0.20169328516546872
gen_last_token_component_activation,ekman_basic_emotions,38,0.33743864753414093,0.15274607054903042,0.2179896375397084
gen_last_token_component_activation,ekman_basic_emotions,39,0.37773304876423763,0.14270934856247686,0.2741470466377629
gen_last_token_component_activation,go_emotions,0,0.09204568926597985,0.04396641742964948,0.05029035874144349
gen_last_token_component_activation,go_emotions,1,0.08415665631094751,0.02906137053915185,0.05674435448344401
gen_last_token_component_activation,go_emotions,2,0.08540817938235305,0.02709108799244021,0.059940957133980594
gen_last_token_component_activation,go_emotions,3,0.10569038139615285,0.03507091607437198,0.07318617139663693
gen_last_token_component_activation,go_emotions,4,0.12156768051212846,0.03147929063739834,0.09301648276991274
gen_last_token_component_activation,go_emotions,5,0.12509013029050128,0.03305713556199464,0.09517935145216355
gen_last_token_component_activation,go_emotions,6,0.13763560065806615,0.03695045942088184,0.10454824699530879
gen_last_token_component_activation,go_emotions,7,0.15093687330514338,0.0348494654482633,0.12027906912033859
gen_last_token_component_activation,go_emotions,8,0.14918163554643427,0.04069516036830506,0.11308863532866187
gen_last_token_component_activation,go_emotions,9,0.12900702250824614,0.03578508581953387,0.09668169960630217
gen_last_token_component_activation,go_emotions,10,0.12899347808567366,0.04349025444123091,0.08939085465824909
gen_last_token_component_activation,go_emotions,11,0.14478053636562035,0.038910400623777514,0.11015636399619338
gen_last_token_component_activation,go_emotions,12,0.1607120214566624,0.046604897977779815,0.1196850321937391
gen_last_token_component_activation,go_emotions,13,0.17729977988539827,0.03916297901868162,0.1437671507761382
gen_last_token_component_activation,go_emotions,14,0.1780752141946735,0.036151773646151596,0.14724666878872164
gen_last_token_component_activation,go_emotions,15,0.17671744953161206,0.04039703500594522,0.14205918436956
gen_last_token_component_activation,go_emotions,16,0.16457109506661044,0.03701791482611212,0.1324564415105041
gen_last_token_component_activation,go_emotions,17,0.1779044885733632,0.04079200397817398,0.14294343371181542
gen_last_token_component_activation,go_emotions,18,0.17431204847168727,0.040679672843218974,0.13929901394305477
gen_last_token_component_activation,go_emotions,19,0.15217326986032909,0.03570168011638064,0.12078377338457391
gen_last_token_component_activation,go_emotions,20,0.1679647460221854,0.03743051108289639,0.13561019380132316
gen_last_token_component_activation,go_emotions,21,0.17651675649332768,0.03645535615772943,0.14536057175003703
gen_last_token_component_activation,go_emotions,22,0.1917614052616425,0.03735497555313834,0.16039809668909524
gen_last_token_component_activation,go_emotions,23,0.19387579975049604,0.034013901843248394,0.1654908887532527
gen_last_token_component_activation,go_emotions,24,0.18234941694349216,0.040863134694844844,0.14751417380212217
gen_last_token_component_activation,go_emotions,25,0.1665193484461638,0.05002379070111454,0.12262997389274298
gen_last_token_component_activation,go_emotions,26,0.18214979047813415,0.03696953657445002,0.15075354250712936
gen_last_token_component_activation,go_emotions,27,0.1672420990896555,0.037953470987627164,0.13438916331287504
gen_last_token_component_activation,go_emotions,28,0.16626611978583583,0.041067269967819814,0.13056061796307084
gen_last_token_component_activation,go_emotions,29,0.17109930952795235,0.03907911631172932,0.1373892434406195
gen_last_token_component_activation,go_emotions,30,0.15309551768681137,0.03601134651530535,0.12145803868983503
gen_last_token_component_activation,go_emotions,31,0.1645332468704995,0.036383769288850974,0.1329880853989707
gen_last_token_component_activation,go_emotions,32,0.15757449716655209,0.0379305722351193,0.1243610091731056
gen_last_token_component_activation,go_emotions,33,0.16247706001483128,0.03713357815058085,0.13017743585189914
gen_last_token_component_activation,go_emotions,34,0.1759962813527086,0.03806435984991589,0.14338996887699487
gen_last_token_component_activation,go_emotions,35,0.1759882721115394,0.039920029922276314,0.14172594620242687
gen_last_token_component_activation,go_emotions,36,0.14812101377616488,0.03753443666626464,0.11489925595556534
gen_last_token_component_activation,go_emotions,37,0.16614643340670568,0.04376895420614518,0.12797898555883402
gen_last_token_component_activation,go_emotions,38,0.18665355120864646,0.03610753309929481,0.15618549089134032
gen_last_token_component_activation,go_emotions,39,0.15990355995302605,0.035094672728841016,0.12934832433473661
gen_last_token_component_activation,plutchik_wheel,0,0.22214789349815756,0.10270814528187473,0.13311137016149951
gen_last_token_component_activation,plutchik_wheel,1,0.20028269461508164,0.10064251569092135,0.11079040388562256
gen_last_token_component_activation,plutchik_wheel,2,0.21574028051177394,0.10088873564684515,0.1277389678212475
gen_last_token_component_activation,plutchik_wheel,3,0.219030521282901,0.09785590718366409,0.13431846981445167
gen_last_token_component_activation,plutchik_wheel,4,0.24436689308206233,0.10448798447021551,0.15619992382692321
gen_last_token_component_activation,plutchik_wheel,5,0.26367147430418336,0.10532369767004512,0.17698890226751518
gen_last_token_component_activation,plutchik_wheel,6,0.2780243342978195,0.11165484759184914,0.18728023252558007
gen_last_token_component_activation,plutchik_wheel,7,0.30627354620693176,0.11049248699740655,0.22010051219090085
gen_last_token_component_activation,plutchik_wheel,8,0.303696136992681,0.11203710178762671,0.21584126497953676
gen_last_token_component_activation,plutchik_wheel,9,0.2697761746228457,0.10832817602937352,0.18106212874882838
gen_last_token_component_activation,plutchik_wheel,10,0.2658055192712214,0.10593602331173978,0.1788121433453352
gen_last_token_component_activation,plutchik_wheel,11,0.2947168728473339,0.10862339718628107,0.20877087762190558
gen_last_token_component_activation,plutchik_wheel,12,0.3162855491490203,0.11248589176875101,0.22962976643427918
gen_last_token_component_activation,plutchik_wheel,13,0.32890160113630434,0.11004575196242954,0.2459180903473091
gen_last_token_component_activation,plutchik_wheel,14,0.3395173573700039,0.11219378667048603,0.25605088958207767
gen_last_token_component_activation,plutchik_wheel,15,0.30870237588703997,0.10782384197900874,0.2251556848970458
gen_last_token_component_activation,plutchik_wheel,16,0.34014355366899146,0.11172791846815043,0.25714602535625347
gen_last_token_component_activation,plutchik_wheel,17,0.3147527110702177,0.11298310726830212,0.227469854807992
gen_last_token_component_activation,plutchik_wheel,18,0.3378040611545521,0.10792497087144715,0.25769030942124727
gen_last_token_component_activation,plutchik_wheel,19,0.28376186014431337,0.10839235931632764,0.19668909599464046
gen_last_token_component_activation,plutchik_wheel,20,0.30115971212699555,0.1196323188885391,0.20619497640949155
gen_last_token_component_activation,plutchik_wheel,21,0.322394493699727,0.11161640677254121,0.2372602201729528
gen_last_token_component_activation,plutchik_wheel,22,0.33069645034958345,0.1140276901934617,0.24455477643927012
gen_last_token_component_activation,plutchik_wheel,23,0.3117879981916063,0.1139537223264701,0.22327758814650722
gen_last_token_component_activation,plutchik_wheel,24,0.31320149693097105,0.12517729728207783,0.21492834955555531
gen_last_token_component_activation,plutchik_wheel,25,0.32818941111501737,0.11120013412541378,0.2441373871901796
gen_last_token_component_activation,plutchik_wheel,26,0.3054135922119128,0.11259183442492442,0.21728643623876528
gen_last_token_component_activation,plutchik_wheel,27,0.31512444728149525,0.10654214583149191,0.23345510980382994
gen_last_token_component_activation,plutchik_wheel,28,0.2869296259836844,0.11174300464154369,0.19722515247002823
gen_last_token_component_activation,plutchik_wheel,29,0.2939142669765058,0.10863337030315245,0.2078616031838292
gen_last_token_component_activation,plutchik_wheel,30,0.29388268071633805,0.10136206457987457,0.2142360215924531
gen_last_token_component_activation,plutchik_wheel,31,0.2781111646573171,0.10905760171673462,0.1897469053738239
gen_last_token_component_activation,plutchik_wheel,32,0.29399930765651244,0.10909925514846817,0.2075428195302023
gen_last_token_component_activation,plutchik_wheel,33,0.2903079970745858,0.10509616130070419,0.20696283529533077
gen_last_token_component_activation,plutchik_wheel,34,0.29111153543680096,0.10654264525585218,0.20657828736974504
gen_last_token_component_activation,plutchik_wheel,35,0.2847927051485073,0.11695959819150333,0.1900627724544382
gen_last_token_component_activation,plutchik_wheel,36,0.27659190644977333,0.1116764086268928,0.18564799969790952
gen_last_token_component_activation,plutchik_wheel,37,0.2781443646414462,0.10908453666194828,0.1897596741065312
gen_last_token_component_activation,plutchik_wheel,38,0.30264746336459886,0.11264238001222639,0.21412458638152052
gen_last_token_component_activation,plutchik_wheel,39,0.29128973233626954,0.10834866906768793,0.2051710763189218
